年月日,時刻,日経平均株価
2019/12/18,4:00:00,24066.12
2019/12/19,12:04:45,23862.67
2019/12/19,13:00:01,23862.88
2019/12/19,14:00:01,23864.31
2019/12/19,15:00:03,23873.32
2019/12/19,16:00:06,23864.85
2019/12/20,10:00:00,23809.97
2019/12/20,11:00:00,23822.46
2019/12/20,12:00:04,23804.93
2019/12/20,13:00:02,23878.95
2019/12/20,14:00:00,23853.04
2019/12/20,15:00:03,23850.65
2019/12/20,16:00:06,23816.63
2019/12/23,9:30:01,23855.85
2019/12/23,10:30:00,23852.83
2019/12/23,11:30:00,23859.93
2019/12/23,12:30:00,23858.86
2019/12/23,13:30:01,23841.16
2019/12/23,14:30:00,23820.44
2019/12/24,9:30:02,23816.54
2019/12/24,10:30:00,23811.74
2019/12/24,11:30:03,23817.26
2019/12/24,12:30:02,23808.55
2019/12/24,13:30:02,23814.61
2019/12/24,14:30:04,23823.41
2019/12/25,9:30:01,23806
2019/12/25,10:30:00,23802.43
2019/12/25,11:30:00,23805.51
2019/12/25,12:30:00,23806.72
2019/12/25,13:30:01,23789.81
2019/12/25,14:30:01,23802.83
2019/12/26,9:30:01,23902.14
2019/12/26,10:30:04,23891.88
2019/12/26,11:30:01,23884.24
2019/12/26,12:30:01,23885.81
2019/12/26,13:30:06,23883.6
2019/12/26,14:30:03,23898.64
2019/12/27,9:30:02,23907.01
2019/12/27,10:30:01,23911.31
2019/12/27,11:30:07,23918.91
2019/12/27,12:30:53,23921.97
2019/12/27,12:35:44,23929.51
2019/12/27,13:30:06,23918.74
2019/12/27,14:30:05,23874.2
2020/1/3,12:16:49,23656.62
2020/1/6,9:30:06,23231.72
2020/1/6,10:30:06,23222.7
2020/1/6,11:30:04,23163.99
2020/1/6,12:30:03,23173.35
2020/1/6,13:30:01,23235.85
2020/1/6,14:30:00,23193.88
2020/1/6,15:48:24,23204.86
2020/1/7,9:30:01,23345.23
2020/1/7,10:30:00,23447.93
2020/1/7,11:30:00,23557.52
2020/1/7,12:30:00,23552.97
2020/1/7,13:30:01,23532.34
2020/1/7,14:30:09,23562.57
2020/1/8,9:30:01,23028.34
2020/1/8,10:30:00,23011.83
2020/1/8,11:30:00,23126.01
2020/1/8,12:30:00,23114.64
2020/1/8,13:30:00,23282.56
2020/1/8,14:30:01,23237.01
2020/1/9,9:30:01,23568.11
2020/1/9,10:30:00,23627.98
2020/1/9,11:30:00,23657.61
2020/1/9,12:30:01,23677.81
2020/1/10,9:30:12,23866.1
2020/1/10,10:30:06,23799.1
2020/1/10,11:30:08,23780.58
2020/1/10,12:30:08,23776.09
2020/1/10,13:30:06,23797.65
2020/1/10,14:30:04,23820.29
2020/1/11,15:53:53,23850.57
2020/1/13,9:05:06,23850.57
2020/1/14,9:05:03,24007.14
2020/1/14,9:10:02,24022.68
2020/1/14,9:15:02,24042.01
2020/1/14,9:20:02,24025.29
2020/1/14,9:25:02,24033.3
2020/1/14,9:30:02,24046.91
2020/1/14,9:35:02,24037.83
2020/1/14,9:40:02,24028.74
2020/1/14,9:45:02,24018.92
2020/1/14,9:50:02,24006.36
2020/1/14,9:55:02,24033.06
2020/1/14,10:00:02,24039.74
2020/1/14,10:05:02,24025.17
2020/1/14,10:10:02,24006.27
2020/1/14,10:15:02,24034.33
2020/1/14,10:20:03,24036.43
2020/1/14,10:25:02,24028.49
2020/1/14,10:30:02,24024.54
2020/1/14,10:35:02,24016.7
2020/1/14,10:40:02,24021.5
2020/1/14,10:45:02,24036.01
2020/1/14,10:50:02,24033.11
2020/1/14,10:55:02,24026.89
2020/1/14,11:00:02,24027.29
2020/1/14,11:05:02,24035.24
2020/1/14,11:10:02,24023.85
2020/1/14,11:15:02,24014.1
2020/1/14,11:20:02,24026.27
2020/1/14,11:25:02,24024.24
2020/1/14,11:30:02,24024.06
2020/1/14,11:35:02,24026.81
2020/1/14,12:35:02,23976.13
2020/1/14,12:40:02,23978.8
2020/1/14,12:45:03,23980.41
2020/1/14,12:50:02,23969.08
2020/1/14,12:55:02,23973.94
2020/1/14,13:00:02,23970.75
2020/1/14,13:05:02,23965.39
2020/1/14,13:10:03,23980.66
2020/1/14,13:15:05,23992.14
2020/1/14,13:20:02,23994.94
2020/1/14,13:25:03,23999.03
2020/1/14,13:30:02,23996.04
2020/1/14,13:35:02,23990.2
2020/1/14,13:40:02,23995.83
2020/1/14,13:45:02,24003.34
2020/1/14,13:50:02,24008.26
2020/1/14,13:55:02,24006.22
2020/1/14,14:00:02,24002.79
2020/1/14,14:05:02,24002.36
2020/1/14,14:10:02,24005.62
2020/1/14,14:15:02,24013.65
2020/1/14,14:20:02,24014.06
2020/1/14,14:25:02,24023.28
2020/1/14,14:30:02,24021.95
2020/1/14,14:35:02,24023.13
2020/1/14,14:40:02,24013.75
2020/1/14,14:45:02,24012.45
2020/1/14,14:50:02,24018
2020/1/14,14:55:02,24007.14
2020/1/14,15:00:04,24003.41
2020/1/14,15:05:02,24025.17
2020/1/15,9:05:07,23938.04
2020/1/15,9:10:02,23942.25
2020/1/15,9:15:02,23958.64
2020/1/15,9:20:02,23963.1
2020/1/15,9:25:02,23982.22
2020/1/15,9:30:02,23995.82
2020/1/15,9:35:02,23976.45
2020/1/15,9:40:02,23967.22
2020/1/15,9:45:02,23969.15
2020/1/15,9:50:02,23955.82
2020/1/15,9:55:02,23949.33
2020/1/15,10:00:02,23934.85
2020/1/15,10:05:02,23954.41
2020/1/15,10:10:02,23961.81
2020/1/15,10:15:02,23962.87
2020/1/15,10:20:02,23956.81
2020/1/15,10:25:02,23972.21
2020/1/15,10:30:02,23971.59
2020/1/15,10:35:02,23968.28
2020/1/15,10:40:02,23982.87
2020/1/15,10:45:02,23974
2020/1/15,10:50:02,23963.23
2020/1/15,10:55:02,23955.44
2020/1/15,11:00:02,23956.78
2020/1/15,11:05:13,23944.06
2020/1/15,11:10:04,23941.14
2020/1/15,11:15:04,23951.66
2020/1/15,11:20:02,23933.74
2020/1/15,11:25:02,23923.43
2020/1/15,11:30:02,23920.91
2020/1/15,11:35:02,23914.88
2020/1/15,12:35:02,23910.32
2020/1/15,12:40:02,23922.33
2020/1/15,12:45:02,23925.34
2020/1/15,12:50:02,23918.66
2020/1/15,12:55:02,23914.35
2020/1/15,13:00:02,23913.4
2020/1/15,13:05:02,23905.4
2020/1/15,13:10:02,23906.28
2020/1/15,13:16:06,23902.99
2020/1/15,13:20:59,23894.18
2020/1/15,13:25:02,23895.83
2020/1/15,13:30:06,23884.04
2020/1/15,13:35:04,23885.1
2020/1/15,13:40:04,23892.53
2020/1/15,13:45:02,23893.82
2020/1/15,13:50:02,23887.43
2020/1/15,13:55:02,23891.54
2020/1/15,14:00:02,23904.47
2020/1/15,14:05:05,23886.33
2020/1/15,14:10:05,23890.64
2020/1/15,14:15:04,23896.31
2020/1/15,14:20:05,23893.7
2020/1/15,14:25:05,23895.87
2020/1/15,14:30:02,23892.58
2020/1/15,14:35:04,23904.49
2020/1/15,14:40:02,23907.06
2020/1/15,14:45:02,23910.05
2020/1/15,14:50:05,23902.65
2020/1/15,14:55:04,23905.48
2020/1/15,15:00:04,23910.52
2020/1/15,15:05:02,23916.58
2020/1/16,9:05:06,23943.29
2020/1/16,9:10:03,23919.99
2020/1/16,9:15:02,23946.2
2020/1/16,9:20:03,23967.5
2020/1/16,9:25:02,23952.38
2020/1/16,9:30:02,23943.86
2020/1/16,9:35:02,23950.37
2020/1/16,9:40:02,23953.97
2020/1/16,9:45:02,23947.08
2020/1/16,9:50:04,23949.19
2020/1/16,9:55:02,23936.99
2020/1/16,10:00:02,23925.54
2020/1/16,10:05:02,23926.79
2020/1/16,10:10:03,23925.76
2020/1/16,10:15:02,23920.54
2020/1/16,10:20:04,23928.61
2020/1/16,10:25:02,23937.48
2020/1/16,10:30:02,23920.95
2020/1/16,10:35:02,23911.52
2020/1/16,10:40:02,23909.16
2020/1/16,10:45:02,23928.19
2020/1/16,10:50:03,23921.94
2020/1/16,10:55:02,23920.87
2020/1/16,11:00:02,23930.48
2020/1/16,11:05:02,23935.96
2020/1/16,11:10:02,23936.84
2020/1/16,11:15:02,23947.88
2020/1/16,11:20:02,23948.7
2020/1/16,11:25:02,23957.29
2020/1/16,11:30:02,23958.03
2020/1/16,11:35:02,23950.9
2020/1/16,12:35:02,23934.78
2020/1/16,12:40:02,23930.22
2020/1/16,12:45:03,23929.09
2020/1/16,12:50:02,23924.93
2020/1/16,12:55:03,23924.2
2020/1/16,13:00:04,23924.78
2020/1/16,13:05:03,23928.28
2020/1/16,13:10:03,23922.8
2020/1/16,13:15:02,23932.46
2020/1/16,13:20:02,23931.36
2020/1/16,13:25:02,23932.58
2020/1/16,13:30:02,23937.63
2020/1/16,13:35:02,23934.57
2020/1/16,13:40:02,23928.57
2020/1/16,13:45:02,23924.76
2020/1/16,13:50:02,23922.32
2020/1/16,13:55:02,23923.68
2020/1/16,14:00:02,23916.07
2020/1/16,14:05:02,23916.01
2020/1/16,14:10:02,23922.05
2020/1/16,14:15:03,23922.68
2020/1/16,14:20:04,23924.9
2020/1/16,14:25:02,23917.96
2020/1/16,14:30:02,23919.25
2020/1/16,14:35:03,23921.49
2020/1/16,14:40:03,23939.02
2020/1/16,14:45:04,23936.41
2020/1/16,14:50:03,23947.12
2020/1/16,14:55:02,23952.21
2020/1/16,15:00:02,23943.83
2020/1/16,15:05:02,23933.13
2020/1/17,9:05:02,24110.52
2020/1/17,9:10:02,24073.67
2020/1/17,9:15:02,24071.5
2020/1/17,9:20:02,24075.33
2020/1/17,9:25:02,24057.9
2020/1/17,9:30:02,24058.65
2020/1/17,9:35:02,24070.17
2020/1/17,9:40:02,24068.56
2020/1/17,9:45:02,24065.15
2020/1/17,9:50:02,24057.89
2020/1/17,9:55:02,24050.26
2020/1/17,10:00:02,24060.55
2020/1/17,10:05:02,24050.19
2020/1/17,10:10:02,24053.96
2020/1/17,10:15:02,24063.35
2020/1/17,10:20:02,24065.82
2020/1/17,10:25:02,24049.85
2020/1/17,10:30:02,24048.64
2020/1/17,10:35:02,24045.32
2020/1/17,10:40:02,24015.8
2020/1/17,10:45:02,24034.38
2020/1/17,10:50:02,24034.42
2020/1/17,10:55:02,24034.49
2020/1/17,11:00:02,24040.03
2020/1/17,11:05:02,24053.45
2020/1/17,11:10:02,24064
2020/1/17,11:15:02,24070.02
2020/1/17,11:20:02,24071.7
2020/1/17,11:25:02,24054.57
2020/1/17,11:30:02,24052.22
2020/1/17,11:35:02,24050.16
2020/1/17,12:35:02,24054.48
2020/1/17,12:40:02,24047.02
2020/1/17,12:45:02,24049.06
2020/1/17,12:50:02,24053.57
2020/1/17,12:55:02,24053.35
2020/1/17,13:00:02,24055.29
2020/1/17,13:05:02,24048.72
2020/1/17,13:10:02,24046.23
2020/1/17,13:15:02,24046.23
2020/1/17,13:20:02,24050.63
2020/1/17,13:25:03,24046.64
2020/1/17,13:30:02,24044.86
2020/1/17,13:35:02,24043.88
2020/1/17,13:40:02,24040.77
2020/1/17,13:45:02,24039.4
2020/1/17,13:50:02,24043.57
2020/1/17,13:55:02,24046.94
2020/1/17,14:00:03,24038.65
2020/1/17,14:05:03,24040.94
2020/1/17,14:11:03,24029.54
2020/1/17,14:15:05,24030.7
2020/1/17,14:20:04,24029.96
2020/1/17,14:25:02,24032.85
2020/1/17,14:30:02,24046.18
2020/1/17,14:35:02,24048.06
2020/1/17,14:40:02,24058.52
2020/1/17,14:45:02,24053.84
2020/1/17,14:50:05,24046.9
2020/1/17,14:55:04,24036.47
2020/1/17,15:00:05,24040.02
2020/1/17,15:05:05,24041.26
2020/1/20,9:05:07,24091.62
2020/1/20,9:10:02,24076.17
2020/1/20,9:15:02,24084.07
2020/1/20,9:20:02,24096.18
2020/1/20,9:25:02,24098.51
2020/1/20,9:30:02,24095.49
2020/1/20,9:35:02,24083.94
2020/1/20,9:40:02,24088.9
2020/1/20,9:45:02,24075.19
2020/1/20,9:50:02,24073.21
2020/1/20,9:55:02,24072.25
2020/1/20,10:00:02,24065.45
2020/1/20,10:05:02,24073.75
2020/1/20,10:10:03,24074.37
2020/1/20,10:15:02,24081.04
2020/1/20,10:20:02,24076.48
2020/1/20,10:25:02,24080.06
2020/1/20,10:30:05,24085.4
2020/1/20,10:35:05,24079.34
2020/1/20,10:40:04,24078.52
2020/1/20,10:45:05,24085.57
2020/1/20,10:50:05,24084.88
2020/1/20,10:55:05,24090.84
2020/1/20,11:00:05,24085.08
2020/1/20,11:05:05,24083.99
2020/1/20,11:10:07,24093.48
2020/1/20,11:15:06,24096.29
2020/1/20,11:20:04,24095.19
2020/1/20,11:25:05,24099.4
2020/1/20,11:30:02,24107.37
2020/1/20,11:35:02,24101.29
2020/1/20,12:35:05,24092.98
2020/1/20,12:40:06,24094.12
2020/1/20,12:45:04,24093.55
2020/1/20,12:50:02,24097.32
2020/1/20,12:55:02,24096.7
2020/1/20,13:00:02,24100.13
2020/1/20,13:05:02,24096.53
2020/1/20,13:10:03,24100.49
2020/1/20,13:15:03,24101.34
2020/1/20,13:20:03,24101.63
2020/1/20,13:25:02,24096.43
2020/1/20,13:30:02,24097.69
2020/1/20,13:35:02,24097.79
2020/1/20,13:40:02,24102.45
2020/1/20,13:45:02,24101
2020/1/20,13:50:02,24099.01
2020/1/20,13:55:02,24100.31
2020/1/20,14:00:02,24099.03
2020/1/20,14:05:02,24105.66
2020/1/20,14:10:02,24101.51
2020/1/20,14:15:03,24098.94
2020/1/20,14:20:02,24105.68
2020/1/20,14:25:02,24101.66
2020/1/20,14:30:02,24093.09
2020/1/20,14:35:02,24097.99
2020/1/20,14:40:02,24098.06
2020/1/20,14:45:02,24098.15
2020/1/20,14:50:02,24095.96
2020/1/20,14:55:02,24091.95
2020/1/20,15:00:02,24085.19
2020/1/20,15:05:02,24083.51
2020/1/21,9:05:07,24067.81
2020/1/21,9:10:02,24058.68
2020/1/21,9:15:03,24058.13
2020/1/21,9:20:03,24059.31
2020/1/21,9:25:04,24056.35
2020/1/21,9:30:04,24059.83
2020/1/21,9:35:04,24061.51
2020/1/21,9:40:04,24059.95
2020/1/21,9:45:03,24065.63
2020/1/21,9:50:04,24062.7
2020/1/21,9:55:04,24063.14
2020/1/21,10:00:04,24065.63
2020/1/21,10:05:02,24051.13
2020/1/21,10:10:05,24044.81
2020/1/21,10:15:04,24022.2
2020/1/21,10:20:04,23940.81
2020/1/21,10:25:03,23925.78
2020/1/21,10:30:04,23929.57
2020/1/21,10:35:03,23882.45
2020/1/21,10:40:04,23906.8
2020/1/21,10:45:04,23886.29
2020/1/21,10:50:04,23890.85
2020/1/21,10:55:05,23884.82
2020/1/21,11:00:05,23878.98
2020/1/21,11:05:02,23894.52
2020/1/21,11:10:02,23905.89
2020/1/21,11:15:04,23906.97
2020/1/21,11:20:03,23905.19
2020/1/21,11:25:02,23892.62
2020/1/21,11:30:02,23897.3
2020/1/21,11:33:15,23902.6
2020/1/21,12:35:02,23870.9
2020/1/21,12:36:27,23882.13
2020/1/21,12:40:02,23888.32
2020/1/21,12:40:12,23887.9
2020/1/21,12:45:02,23886.43
2020/1/21,12:50:02,23869.78
2020/1/21,12:55:02,23856.25
2020/1/21,13:00:02,23868.5
2020/1/21,13:05:02,23876.62
2020/1/21,13:10:02,23873.41
2020/1/21,13:15:02,23879.4
2020/1/21,13:20:02,23873.02
2020/1/21,13:25:03,23856.18
2020/1/21,13:30:02,23855.7
2020/1/21,13:35:02,23853.49
2020/1/21,13:40:02,23858.18
2020/1/21,13:45:02,23859.95
2020/1/21,13:50:06,23868.8
2020/1/21,13:55:04,23862.89
2020/1/21,14:00:05,23867.22
2020/1/21,14:05:04,23875.03
2020/1/21,14:10:05,23882.29
2020/1/21,14:15:04,23873.46
2020/1/21,14:20:05,23873.32
2020/1/21,14:25:05,23864.7
2020/1/21,14:30:05,23864.48
2020/1/21,14:35:07,23865.62
2020/1/21,14:40:04,23873.87
2020/1/21,14:45:04,23880.88
2020/1/21,14:50:05,23873.43
2020/1/21,14:55:04,23851.59
2020/1/21,15:00:05,23852.57
2020/1/21,15:05:05,23864.56
2020/1/22,9:05:30,23843.93
2020/1/22,9:10:16,23856.48
2020/1/22,9:15:09,23856.32
2020/1/22,9:26:26,23884.61
2020/1/22,9:30:31,23881.55
2020/1/22,9:35:06,23899.45
2020/1/22,9:40:06,23890.96
2020/1/22,9:45:06,23870.98
2020/1/22,9:50:09,23887.38
2020/1/22,9:55:06,23890.65
2020/1/22,10:00:07,23896.05
2020/1/22,10:05:09,23907.36
2020/1/22,10:10:11,23905.76
2020/1/22,10:15:08,23913.95
2020/1/22,10:20:06,23921.41
2020/1/22,10:25:07,23940.89
2020/1/22,10:30:07,23928.75
2020/1/22,10:35:08,23947.15
2020/1/22,10:40:05,23931.48
2020/1/22,10:45:04,23913.12
2020/1/22,10:50:04,23919.15
2020/1/22,10:55:04,23905.5
2020/1/22,11:00:07,23904.4
2020/1/22,11:15:02,23941.02
2020/1/22,11:20:03,23955.46
2020/1/22,11:25:10,23981.75
2020/1/22,11:30:13,23990.4
2020/1/22,11:35:14,23985.5
2020/1/22,12:35:02,24030.5
2020/1/22,12:40:02,24015.72
2020/1/22,12:45:02,24018.63
2020/1/22,12:50:02,24010.42
2020/1/22,12:55:13,24014.53
2020/1/22,13:00:08,24004.98
2020/1/22,13:05:02,24005.35
2020/1/22,13:10:02,23996.32
2020/1/22,13:15:02,24002.72
2020/1/22,13:20:03,23996.35
2020/1/22,13:25:08,23999.01
2020/1/22,13:30:02,24000.4
2020/1/22,13:35:02,24003.73
2020/1/22,13:40:05,24007.82
2020/1/22,13:45:09,24006.57
2020/1/22,13:50:08,24004.76
2020/1/22,13:55:11,23996.41
2020/1/22,14:00:17,23993.92
2020/1/22,14:05:15,24002.07
2020/1/22,14:10:14,24000.24
2020/1/22,14:15:12,24001.99
2020/1/22,14:20:08,24011.96
2020/1/22,14:25:02,24006.33
2020/1/22,14:30:04,24012.26
2020/1/22,14:35:02,24024.56
2020/1/22,14:40:13,24031.55
2020/1/22,14:45:08,24033.54
2020/1/22,14:50:02,24033.01
2020/1/22,14:55:05,24027.52
2020/1/22,15:00:10,24033.37
2020/1/22,15:05:02,24031.35
2020/1/23,9:05:29,23853.52
2020/1/23,9:10:09,23850.91
2020/1/23,9:15:09,23837.9
2020/1/23,9:20:09,23811.5
2020/1/23,9:25:09,23788.69
2020/1/23,9:30:07,23789.7
2020/1/23,9:35:07,23803.84
2020/1/23,9:40:06,23867.68
2020/1/23,9:45:06,23846.81
2020/1/23,9:50:04,23872.85
2020/1/23,9:55:10,23862.12
2020/1/23,10:00:05,23873.53
2020/1/23,10:05:05,23851.13
2020/1/23,10:10:10,23852.64
2020/1/23,10:15:07,23859.98
2020/1/23,10:20:04,23869.92
2020/1/23,10:25:09,23870.17
2020/1/23,10:30:04,23878.48
2020/1/23,10:35:09,23866.79
2020/1/23,10:40:06,23891.25
2020/1/23,10:45:04,23876.3
2020/1/23,10:50:04,23874.55
2020/1/23,10:55:09,23878.05
2020/1/23,11:00:09,23881.89
2020/1/23,11:05:07,23891.47
2020/1/23,11:10:06,23904.42
2020/1/23,11:15:09,23898.89
2020/1/23,11:20:03,23873.28
2020/1/23,11:25:09,23876.62
2020/1/23,11:30:04,23878.48
2020/1/23,11:35:04,23877.89
2020/1/23,12:35:03,23826.36
2020/1/23,12:40:03,23820.61
2020/1/23,12:45:08,23821.61
2020/1/23,12:50:06,23829.88
2020/1/23,12:55:09,23828.33
2020/1/23,13:00:03,23824.78
2020/1/23,13:05:03,23802.06
2020/1/23,13:10:03,23810.93
2020/1/23,13:15:04,23804.92
2020/1/23,13:20:11,23813.65
2020/1/23,13:25:08,23814.07
2020/1/23,13:30:04,23815.12
2020/1/23,13:35:04,23820.77
2020/1/23,13:45:05,23833.11
2020/1/23,13:50:05,23826.55
2020/1/23,13:55:10,23823.28
2020/1/23,14:00:03,23822.28
2020/1/23,14:05:04,23815.25
2020/1/23,14:10:07,23809.33
2020/1/23,14:15:06,23791.08
2020/1/23,14:20:08,23794.78
2020/1/23,14:25:12,23804.88
2020/1/23,14:30:06,23795.07
2020/1/23,14:40:55,23803.16
2020/1/23,14:45:15,23798.52
2020/1/23,14:50:08,23807.13
2020/1/23,14:55:08,23804.72
2020/1/23,15:00:06,23798.57
2020/1/23,15:05:05,23795.44
2020/1/24,9:05:25,23853.23
2020/1/24,9:10:09,23849.6
2020/1/24,9:15:06,23854.96
2020/1/24,9:20:03,23859.34
2020/1/24,9:25:07,23831.11
2020/1/24,9:30:07,23831.86
2020/1/24,9:35:06,23846.87
2020/1/24,9:40:07,23838.28
2020/1/24,9:45:06,23826.11
2020/1/24,9:50:06,23807.61
2020/1/24,9:55:12,23797.07
2020/1/24,10:00:06,23808.19
2020/1/24,10:05:08,23799.67
2020/1/24,10:10:14,23795.4
2020/1/24,10:15:06,23781.3
2020/1/24,10:20:04,23799.17
2020/1/24,10:25:11,23807.81
2020/1/24,10:30:06,23819.85
2020/1/24,10:35:03,23811.22
2020/1/24,10:40:03,23804.1
2020/1/24,10:45:12,23795.22
2020/1/24,10:50:06,23778.76
2020/1/24,10:55:03,23764.74
2020/1/24,11:00:08,23785.33
2020/1/24,11:05:07,23780.98
2020/1/24,11:10:06,23776.95
2020/1/24,11:15:05,23789.9
2020/1/24,11:20:03,23781.12
2020/1/24,11:25:12,23793.89
2020/1/24,11:30:12,23789.67
2020/1/24,11:35:06,23782.67
2020/1/24,12:35:03,23774.44
2020/1/24,12:40:03,23759.13
2020/1/24,12:45:03,23780.86
2020/1/24,12:50:12,23776.35
2020/1/24,12:55:13,23784.02
2020/1/24,13:00:14,23788.13
2020/1/24,13:05:03,23793.21
2020/1/24,13:10:12,23794.02
2020/1/24,13:15:08,23790.24
2020/1/24,13:20:09,23809.7
2020/1/24,13:25:12,23812.5
2020/1/24,13:30:03,23815.2
2020/1/24,13:35:03,23823.4
2020/1/24,13:40:03,23832.75
2020/1/24,13:45:03,23839.11
2020/1/24,13:50:03,23842.35
2020/1/24,13:55:07,23832.71
2020/1/24,14:00:07,23837
2020/1/24,14:05:03,23846.69
2020/1/24,14:10:09,23846.65
2020/1/24,14:15:11,23828.71
2020/1/24,14:20:35,23832.92
2020/1/24,14:25:09,23825.67
2020/1/24,14:30:03,23829.79
2020/1/24,14:35:03,23831.11
2020/1/24,14:40:03,23825.15
2020/1/24,14:45:16,23814.57
2020/1/24,14:50:03,23812.73
2020/1/24,14:55:03,23804.1
2020/1/24,15:00:03,23810.36
2020/1/24,15:05:03,23827.18
2020/1/27,9:05:30,23356.29
2020/1/27,9:10:13,23347.68
2020/1/27,9:15:11,23362.3
2020/1/27,9:20:14,23401.27
2020/1/27,9:25:18,23411.12
2020/1/27,9:30:14,23403.75
2020/1/27,9:35:12,23377.46
2020/1/27,9:40:12,23402.72
2020/1/27,9:45:11,23413.36
2020/1/27,9:50:08,23425.47
2020/1/27,9:55:04,23421.5
2020/1/27,10:00:09,23434.8
2020/1/27,10:05:07,23446.13
2020/1/27,10:10:08,23452.72
2020/1/27,10:15:07,23435.43
2020/1/27,10:20:06,23418.37
2020/1/27,10:25:11,23430.1
2020/1/27,10:30:08,23444.09
2020/1/27,10:35:03,23429.52
2020/1/27,10:40:03,23426.79
2020/1/27,10:45:03,23415.26
2020/1/27,10:52:43,23439.56
2020/1/27,10:55:08,23443.84
2020/1/27,11:00:08,23436.42
2020/1/27,11:05:03,23425.45
2020/1/27,11:10:04,23407.22
2020/1/27,11:15:23,23394.06
2020/1/27,11:20:12,23396.9
2020/1/27,11:25:10,23391.28
2020/1/27,11:30:09,23378.74
2020/1/27,11:35:06,23372.06
2020/1/27,12:35:03,23398.53
2020/1/27,12:40:03,23407.12
2020/1/27,12:45:03,23422.46
2020/1/27,12:50:03,23426.37
2020/1/27,12:55:03,23406.33
2020/1/27,13:00:03,23404.51
2020/1/27,13:05:03,23395.3
2020/1/27,13:10:09,23399.21
2020/1/27,13:15:06,23389.76
2020/1/27,13:20:07,23392.18
2020/1/27,13:25:10,23386.91
2020/1/27,13:30:08,23398.03
2020/1/27,13:35:06,23383.28
2020/1/27,13:40:08,23384.07
2020/1/27,13:45:06,23386.08
2020/1/27,13:50:09,23393.2
2020/1/27,13:55:07,23387.18
2020/1/27,14:00:10,23386.84
2020/1/27,14:05:07,23397.9
2020/1/27,14:10:09,23369.45
2020/1/27,14:15:03,23361.13
2020/1/27,14:20:03,23356.98
2020/1/27,14:25:04,23349.69
2020/1/27,14:30:03,23359.84
2020/1/27,14:35:03,23370.93
2020/1/27,14:40:03,23359.63
2020/1/27,14:45:03,23351.31
2020/1/27,14:50:03,23351.03
2020/1/27,14:55:03,23335.31
2020/1/27,15:00:03,23328.54
2020/1/27,15:05:03,23343.51
2020/1/28,9:05:26,23138.08
2020/1/28,9:16:38,23120.76
2020/1/28,9:20:40,23118.34
2020/1/28,9:25:09,23133.31
2020/1/28,9:30:09,23133
2020/1/28,9:35:07,23131.03
2020/1/28,9:40:12,23145.4
2020/1/28,9:45:06,23146.75
2020/1/28,9:50:05,23157.89
2020/1/28,9:55:07,23166.79
2020/1/28,10:00:07,23135.7
2020/1/28,10:05:07,23165.24
2020/1/28,10:10:11,23196.18
2020/1/28,10:15:09,23180.76
2020/1/28,10:20:11,23161.28
2020/1/28,10:25:08,23154.3
2020/1/28,10:30:11,23149.86
2020/1/28,10:35:06,23138.56
2020/1/28,10:40:11,23146.77
2020/1/28,10:45:06,23152.21
2020/1/28,10:50:05,23146.58
2020/1/28,10:55:09,23160.27
2020/1/28,11:00:09,23169.82
2020/1/28,11:05:06,23138.28
2020/1/28,11:10:18,23136.05
2020/1/28,11:15:10,23149.05
2020/1/28,11:20:09,23145.28
2020/1/28,11:25:11,23136.27
2020/1/28,11:30:10,23121.53
2020/1/28,11:35:09,23124.51
2020/1/28,12:35:03,23126.79
2020/1/28,12:40:03,23131.56
2020/1/28,12:45:09,23135.48
2020/1/28,12:50:11,23137.72
2020/1/28,12:55:09,23148.51
2020/1/28,13:00:11,23143.61
2020/1/28,13:05:11,23158.05
2020/1/28,13:10:06,23144.26
2020/1/28,13:15:15,23127.17
2020/1/28,13:28:23,23137.98
2020/1/28,13:30:07,23138.22
2020/1/28,13:40:04,23153.85
2020/1/28,13:45:09,23147.6
2020/1/28,13:50:04,23157.56
2020/1/28,13:55:08,23162.54
2020/1/28,14:00:08,23166.03
2020/1/28,14:05:05,23162.58
2020/1/28,14:10:04,23145.23
2020/1/28,14:15:09,23147.99
2020/1/28,14:20:11,23157.83
2020/1/28,14:25:08,23164.3
2020/1/28,14:30:10,23171.77
2020/1/28,14:35:08,23190.64
2020/1/28,14:40:08,23191.52
2020/1/28,14:45:04,23200.01
2020/1/28,14:50:03,23234.92
2020/1/28,14:55:09,23210.86
2020/1/28,15:00:10,23228.41
2020/1/28,15:05:07,23215.71
2020/1/29,9:05:26,23297.71
2020/1/29,9:10:14,23277.95
2020/1/29,9:15:14,23278.99
2020/1/29,9:20:14,23282.17
2020/1/29,9:25:16,23247.56
2020/1/29,9:30:17,23222.39
2020/1/29,9:35:18,23221.96
2020/1/29,9:40:14,23233.31
2020/1/29,9:45:11,23241.1
2020/1/29,9:50:08,23248.07
2020/1/29,9:55:13,23258.64
2020/1/29,10:00:07,23231.76
2020/1/29,10:05:11,23214.85
2020/1/29,10:10:07,23236.99
2020/1/29,10:15:07,23241.7
2020/1/29,10:20:14,23278.78
2020/1/29,10:25:17,23288.58
2020/1/29,10:30:22,23293.88
2020/1/29,10:35:18,23319.45
2020/1/29,10:40:19,23315.5
2020/1/29,10:45:13,23326.92
2020/1/29,10:50:08,23359.77
2020/1/29,10:55:05,23341.9
2020/1/29,11:00:03,23336.22
2020/1/29,11:05:03,23325.78
2020/1/29,11:10:05,23318.7
2020/1/29,11:15:04,23317.54
2020/1/29,11:20:03,23328.66
2020/1/29,11:25:03,23341.19
2020/1/29,11:30:11,23326.16
2020/1/29,11:35:15,23325.52
2020/1/29,12:35:03,23353.7
2020/1/29,12:40:03,23351.05
2020/1/29,12:45:03,23354.46
2020/1/29,12:50:03,23358.4
2020/1/29,12:55:03,23365.27
2020/1/29,13:00:03,23356.55
2020/1/29,13:05:03,23361.81
2020/1/29,13:10:03,23355.82
2020/1/29,13:15:03,23348.5
2020/1/29,13:20:03,23353.98
2020/1/29,13:25:03,23358.69
2020/1/29,13:30:03,23359.12
2020/1/29,13:35:03,23361.48
2020/1/29,13:40:03,23360.36
2020/1/29,13:45:03,23360.9
2020/1/29,13:50:03,23363.53
2020/1/29,13:55:30,23363.14
2020/1/29,14:00:12,23370.65
2020/1/29,14:05:11,23390.71
2020/1/29,14:10:09,23377.24
2020/1/29,14:15:03,23360.94
2020/1/29,14:20:03,23361.03
2020/1/29,14:25:05,23366.89
2020/1/29,14:30:03,23357.79
2020/1/29,14:35:12,23369.86
2020/1/29,14:40:10,23365.99
2020/1/29,14:45:08,23367.8
2020/1/29,14:50:03,23359.58
2020/1/29,14:55:03,23359.75
2020/1/29,15:00:11,23370.66
2020/1/29,15:05:30,23379.4
2020/1/30,9:05:21,23298.95
2020/1/30,9:10:07,23288.61
2020/1/30,9:15:08,23286.02
2020/1/30,9:20:11,23282.15
2020/1/30,9:25:13,23241.96
2020/1/30,9:30:11,23221.58
2020/1/30,9:35:09,23205.18
2020/1/30,9:40:11,23204.66
2020/1/30,9:45:09,23219.59
2020/1/30,9:50:09,23219.71
2020/1/30,9:55:08,23215.95
2020/1/30,10:00:08,23220.32
2020/1/30,10:05:09,23212.18
2020/1/30,10:10:13,23191.33
2020/1/30,10:15:09,23160.53
2020/1/30,10:20:08,23167.37
2020/1/30,10:25:20,23164.9
2020/1/30,10:30:14,23172.99
2020/1/30,10:35:17,23193.77
2020/1/30,10:40:16,23188.81
2020/1/30,10:45:13,23173.03
2020/1/30,10:50:10,23171.99
2020/1/30,10:55:04,23156.72
2020/1/30,11:00:14,23145.07
2020/1/30,11:05:09,23113.06
2020/1/30,11:10:12,23102.62
2020/1/30,11:15:03,23099.84
2020/1/30,11:20:03,23072.88
2020/1/30,11:25:03,23064.48
2020/1/30,11:30:03,23028.13
2020/1/30,11:35:03,23013.6
2020/1/30,12:35:10,23027.87
2020/1/30,12:40:16,23006.56
2020/1/30,12:45:13,22982.6
2020/1/30,12:50:16,22952.05
2020/1/30,12:55:18,22912.84
2020/1/30,13:00:23,22944.31
2020/1/30,13:05:18,22921.31
2020/1/30,13:10:10,22927.56
2020/1/30,13:15:20,22958.94
2020/1/30,13:20:10,22963.74
2020/1/30,13:25:24,22969.88
2020/1/30,13:30:16,22967.81
2020/1/30,13:35:15,22960.66
2020/1/30,13:40:11,22966.27
2020/1/30,13:45:03,22978.11
2020/1/30,13:50:03,22958.54
2020/1/30,13:55:03,22948.81
2020/1/30,14:00:03,22943.26
2020/1/30,14:05:03,22959.26
2020/1/30,14:10:03,22926.23
2020/1/30,14:15:03,22925.57
2020/1/30,14:20:04,22907.8
2020/1/30,14:25:03,22911.85
2020/1/30,14:30:03,22926.38
2020/1/30,14:35:03,22932.9
2020/1/30,14:40:03,22919.67
2020/1/30,14:45:03,22933.21
2020/1/30,14:50:03,22944.03
2020/1/30,14:55:03,22962.64
2020/1/30,15:00:03,22967.39
2020/1/30,15:05:03,22977.75
2020/1/31,9:05:25,23182.13
2020/1/31,9:10:16,23193.31
2020/1/31,9:15:16,23168.12
2020/1/31,9:20:14,23163.92
2020/1/31,9:25:14,23155.04
2020/1/31,9:30:09,23152.63
2020/1/31,9:35:09,23166.67
2020/1/31,9:40:05,23242.94
2020/1/31,9:45:05,23227.94
2020/1/31,9:50:10,23240.42
2020/1/31,9:55:12,23308.89
2020/1/31,10:00:08,23332.42
2020/1/31,10:05:09,23416.91
2020/1/31,10:10:15,23375.86
2020/1/31,10:15:10,23386.96
2020/1/31,10:20:12,23396.33
2020/1/31,10:25:13,23377.3
2020/1/31,10:30:09,23340.89
2020/1/31,10:35:03,23357.18
2020/1/31,10:40:03,23300.49
2020/1/31,10:45:16,23289.19
2020/1/31,10:50:15,23245.3
2020/1/31,10:55:15,23195.69
2020/1/31,11:00:09,23203.92
2020/1/31,11:05:15,23199.44
2020/1/31,11:10:09,23215.45
2020/1/31,11:15:05,23253.56
2020/1/31,11:20:03,23272.32
2020/1/31,11:25:20,23293.99
2020/1/31,11:30:11,23263.08
2020/1/31,11:35:03,23268.38
2020/1/31,12:35:09,23243.72
2020/1/31,12:40:11,23250.73
2020/1/31,12:45:15,23247.58
2020/1/31,12:50:16,23225.64
2020/1/31,12:55:16,23217.85
2020/1/31,13:00:15,23216.3
2020/1/31,13:05:03,23212.99
2020/1/31,13:10:03,23209.61
2020/1/31,13:15:03,23211.23
2020/1/31,13:20:05,23215.08
2020/1/31,13:25:03,23207.56
2020/1/31,13:30:03,23188.45
2020/1/31,13:35:03,23220.95
2020/1/31,13:40:03,23221.14
2020/1/31,13:45:10,23229.99
2020/1/31,13:50:13,23245.23
2020/1/31,13:55:08,23252.54
2020/1/31,14:00:03,23251.32
2020/1/31,14:05:03,23272.02
2020/1/31,14:10:03,23251.37
2020/1/31,14:15:03,23250.33
2020/1/31,14:20:03,23231.98
2020/1/31,14:25:05,23245.19
2020/1/31,14:30:03,23240.23
2020/1/31,14:35:03,23236.11
2020/1/31,14:40:13,23230.18
2020/1/31,14:45:03,23230.89
2020/1/31,14:50:03,23215.87
2020/1/31,14:55:03,23231.29
2020/1/31,15:00:03,23218.11
2020/1/31,15:05:03,23205.18
2020/2/3,9:05:25,22815.82
2020/2/3,9:10:09,22792.25
2020/2/3,9:15:08,22850.55
2020/2/3,9:20:03,22853.92
2020/2/3,9:25:06,22858.28
2020/2/3,9:30:11,22873.05
2020/2/3,9:35:08,22889.12
2020/2/3,9:40:06,22914.06
2020/2/3,9:45:07,22918.25
2020/2/3,9:50:09,22955.37
2020/2/3,9:55:08,22902.61
2020/2/3,10:00:11,22877.56
2020/2/3,10:05:08,22862.16
2020/2/3,10:10:12,22855.85
2020/2/3,10:15:08,22909.1
2020/2/3,10:20:11,22835.05
2020/2/3,10:25:14,22828.84
2020/2/3,10:30:10,22825.32
2020/2/3,10:35:06,22899.53
2020/2/3,10:40:11,22963.32
2020/2/3,10:45:08,22996.61
2020/2/3,10:50:08,22946.42
2020/2/3,10:55:03,22984.38
2020/2/3,11:00:13,23001.65
2020/2/3,11:05:08,22988.15
2020/2/3,11:10:09,22929.14
2020/2/3,11:15:04,22959.19
2020/2/3,11:20:03,22968.23
2020/2/3,11:25:03,22985.3
2020/2/3,11:30:03,22978.43
2020/2/3,11:35:03,22981.99
2020/2/3,12:35:03,22965.49
2020/2/3,12:40:04,22973.04
2020/2/3,12:45:07,22959.08
2020/2/3,12:50:06,22963.67
2020/2/3,12:55:04,22960.38
2020/2/3,13:00:11,22964.13
2020/2/3,13:05:06,22956.71
2020/2/3,13:10:07,22955.83
2020/2/3,13:15:14,22939.38
2020/2/3,13:20:09,22957.34
2020/2/3,13:25:09,22956.23
2020/2/3,13:30:10,22943.29
2020/2/3,13:35:04,22943.72
2020/2/3,13:40:05,22952.59
2020/2/3,13:45:03,22953
2020/2/3,13:50:03,22941.96
2020/2/3,13:55:04,22946.21
2020/2/3,14:00:03,22953.21
2020/2/3,14:05:04,22966.89
2020/2/3,14:10:06,22973.19
2020/2/3,14:15:05,22972.24
2020/2/3,14:20:05,22996.77
2020/2/3,14:25:03,23007.68
2020/2/3,14:30:03,23007.28
2020/2/3,14:35:03,23001.71
2020/2/3,14:40:16,23011.15
2020/2/3,14:45:32,23003.14
2020/2/3,14:50:18,22986.57
2020/2/3,14:55:14,22972.73
2020/2/3,15:00:14,22966.88
2020/2/3,15:05:17,22971.94
2020/2/4,9:05:17,22883.02
2020/2/4,9:10:03,22890.49
2020/2/4,9:15:03,22913.56
2020/2/4,9:20:03,22890.69
2020/2/4,9:25:03,22893.8
2020/2/4,9:30:03,22882.65
2020/2/4,9:35:04,22906.19
2020/2/4,9:40:03,22903.38
2020/2/4,9:45:03,22887.78
2020/2/4,9:50:03,22891.29
2020/2/4,9:55:05,22893.5
2020/2/4,10:00:06,22903.92
2020/2/4,10:05:07,22918.72
2020/2/4,10:10:06,22910.1
2020/2/4,10:15:05,22918.37
2020/2/4,10:20:08,22935.98
2020/2/4,10:25:08,22985.14
2020/2/4,10:30:07,22969.93
2020/2/4,10:35:07,22989.19
2020/2/4,10:40:10,23024.67
2020/2/4,10:45:07,23000.69
2020/2/4,10:50:09,23002.69
2020/2/4,10:55:03,23010.93
2020/2/4,11:00:03,23019.97
2020/2/4,11:05:03,23009.68
2020/2/4,11:10:03,22996.72
2020/2/4,11:15:04,23008.26
2020/2/4,11:20:03,22994.76
2020/2/4,11:25:03,22971.77
2020/2/4,11:30:03,22988.74
2020/2/4,11:35:03,22995.01
2020/2/4,12:35:03,23019.2
2020/2/4,12:40:03,23053.18
2020/2/4,12:45:03,23071.12
2020/2/4,12:50:03,23047.26
2020/2/4,12:55:03,23056.54
2020/2/4,13:00:09,23048.4
2020/2/4,13:05:07,23065.87
2020/2/4,13:10:04,23058.07
2020/2/4,13:15:03,23046.02
2020/2/4,13:20:03,23047.74
2020/2/4,13:25:04,23060.77
2020/2/4,13:30:05,23075.95
2020/2/4,13:35:07,23077.53
2020/2/4,13:40:04,23099.05
2020/2/4,13:45:03,23079.09
2020/2/4,13:50:03,23069.56
2020/2/4,13:55:03,23065.79
2020/2/4,14:00:03,23060.18
2020/2/4,14:05:03,23062.55
2020/2/4,14:10:03,23070.26
2020/2/4,14:15:03,23070.4
2020/2/4,14:21:46,23084.79
2020/2/4,14:25:07,23083.03
2020/2/4,14:30:03,23081.29
2020/2/4,14:35:03,23081.94
2020/2/4,14:40:03,23095.28
2020/2/4,14:45:53,23099.04
2020/2/4,14:50:03,23110.8
2020/2/4,14:55:03,23088.68
2020/2/4,15:00:03,23091.07
2020/2/4,15:05:03,23084.59
2020/2/5,12:04:20,23350
2020/2/5,12:35:03,23349.61
2020/2/5,12:40:03,23357.04
2020/2/5,12:45:03,23387.45
2020/2/5,12:50:03,23383.19
2020/2/5,12:55:03,23385.04
2020/2/5,13:00:09,23370.44
2020/2/5,13:05:18,23374.3
2020/2/5,13:13:40,23385.48
2020/2/5,13:15:47,23373.59
2020/2/5,13:20:08,23383.9
2020/2/5,13:25:07,23380.02
2020/2/5,13:30:07,23384.42
2020/2/5,13:35:08,23393.98
2020/2/5,13:40:06,23401.77
2020/2/5,13:45:08,23392.64
2020/2/5,13:50:06,23403.76
2020/2/5,13:55:03,23409.01
2020/2/5,14:00:09,23410.53
2020/2/5,14:05:08,23404.15
2020/2/5,14:10:03,23403.8
2020/2/5,14:15:04,23391.51
2020/2/5,14:26:32,23355.34
2020/2/6,9:05:24,23628.67
2020/2/6,9:10:08,23698.6
2020/2/6,9:15:10,23698.55
2020/2/6,9:20:11,23704.12
2020/2/6,9:25:09,23704.87
2020/2/6,9:30:09,23686.8
2020/2/6,9:35:07,23690.19
2020/2/6,9:40:09,23697.33
2020/2/6,9:45:09,23715.53
2020/2/6,9:50:05,23683.93
2020/2/6,9:55:08,23690.37
2020/2/6,10:00:09,23688.97
2020/2/6,10:05:09,23699.73
2020/2/6,10:15:16,23741.24
2020/2/6,10:20:10,23771.74
2020/2/6,10:25:09,23766.84
2020/2/6,10:30:06,23761.92
2020/2/6,10:35:06,23720.94
2020/2/6,10:40:03,23736.5
2020/2/6,10:45:03,23735.34
2020/2/6,10:50:06,23735.48
2020/2/6,10:55:03,23750.87
2020/2/6,11:00:04,23742.28
2020/2/6,11:05:05,23765.51
2020/2/6,11:10:04,23782.74
2020/2/6,11:15:04,23783.65
2020/2/6,11:20:03,23776.79
2020/2/6,11:25:03,23782.13
2020/2/6,11:30:03,23792.74
2020/2/6,11:35:03,23803.19
2020/2/6,12:35:03,23816.16
2020/2/6,12:40:03,23845.23
2020/2/6,12:45:03,23846.82
2020/2/6,12:52:33,23845.3
2020/2/6,12:55:10,23842.62
2020/2/6,13:00:15,23842.99
2020/2/6,13:05:10,23844.54
2020/2/6,13:10:03,23883.55
2020/2/6,13:15:03,23892.54
2020/2/6,13:20:19,23902.88
2020/2/6,13:25:09,23909.98
2020/2/6,13:30:03,23903.81
2020/2/6,13:35:03,23943.56
2020/2/6,13:40:03,23952.5
2020/2/6,13:45:03,23972.69
2020/2/6,13:50:03,23971.65
2020/2/6,13:55:04,23983.97
2020/2/6,14:00:03,23989.24
2020/2/6,14:05:05,23991.34
2020/2/6,14:14:45,23944.46
2020/2/6,14:15:56,23949.92
2020/2/6,14:20:08,23928.44
2020/2/6,14:25:06,23916.26
2020/2/6,14:30:03,23916.74
2020/2/6,14:35:04,23945.31
2020/2/6,14:40:03,23937.02
2020/2/6,14:45:03,23917.46
2020/2/6,14:50:07,23940.3
2020/2/6,14:55:04,23917.78
2020/2/6,15:00:03,23926.47
2020/2/6,15:05:07,23873.59
2020/2/7,9:05:22,23895.41
2020/2/7,9:10:09,23901.69
2020/2/7,9:15:09,23932.36
2020/2/7,9:20:09,23934.18
2020/2/7,9:25:10,23923.21
2020/2/7,9:30:09,23923.61
2020/2/7,9:35:07,23900.9
2020/2/7,9:40:16,23846.76
2020/2/7,9:45:09,23827.99
2020/2/7,9:50:08,23787.78
2020/2/7,9:55:08,23783.93
2020/2/7,10:00:03,23815.34
2020/2/7,10:05:05,23838.42
2020/2/7,10:10:09,23823.22
2020/2/7,10:15:07,23795.53
2020/2/7,10:20:11,23837.91
2020/2/7,10:25:09,23829.1
2020/2/7,10:30:09,23820.44
2020/2/7,10:41:12,23832.07
2020/2/7,10:45:08,23836.03
2020/2/7,10:50:05,23842.7
2020/2/7,10:55:03,23849.8
2020/2/7,11:00:06,23824.98
2020/2/7,11:05:05,23824.11
2020/2/7,11:10:06,23830.58
2020/2/7,11:15:04,23829.56
2020/2/7,11:20:03,23830.71
2020/2/7,11:25:04,23851.6
2020/2/7,11:30:03,23873.55
2020/2/7,11:35:03,23855.37
2020/2/7,12:35:03,23810.13
2020/2/7,12:40:04,23812.65
2020/2/7,12:45:04,23820.63
2020/2/7,12:50:03,23832.3
2020/2/7,12:56:01,23845.68
2020/2/7,13:00:07,23843.17
2020/2/7,13:05:04,23834.04
2020/2/7,13:10:06,23829.62
2020/2/7,13:15:06,23825.28
2020/2/7,13:20:05,23817.89
2020/2/7,13:25:04,23826.57
2020/2/7,13:30:03,23830.21
2020/2/7,13:35:04,23829.27
2020/2/7,13:40:03,23814.95
2020/2/7,13:45:03,23816.9
2020/2/7,13:50:07,23812.09
2020/2/7,13:55:04,23818.89
2020/2/7,14:00:03,23820.71
2020/2/7,14:05:03,23825.06
2020/2/7,14:10:03,23824.95
2020/2/7,14:15:03,23821.86
2020/2/7,14:20:04,23814.52
2020/2/7,14:25:03,23810.98
2020/2/7,14:30:03,23824.62
2020/2/7,14:35:03,23829.48
2020/2/7,14:41:37,23831.62
2020/2/7,14:45:06,23832.85
2020/2/7,14:50:05,23840.19
2020/2/7,14:55:03,23825.72
2020/2/7,15:00:06,23833.75
2020/2/7,15:05:04,23827.98
2020/2/10,9:05:28,23649.82
2020/2/10,9:10:09,23667.81
2020/2/10,9:15:04,23659.66
2020/2/10,9:20:04,23642.31
2020/2/10,9:25:04,23644.99
2020/2/10,9:30:03,23657.15
2020/2/10,9:35:03,23667.06
2020/2/10,9:40:03,23689.3
2020/2/10,9:45:04,23685.67
2020/2/10,9:50:03,23676.62
2020/2/10,9:55:03,23651
2020/2/10,10:00:03,23635.98
2020/2/10,10:05:03,23661.91
2020/2/10,10:10:06,23632.2
2020/2/10,10:15:12,23634.89
2020/2/10,10:20:10,23653.23
2020/2/10,10:25:10,23664.76
2020/2/10,10:30:05,23659.37
2020/2/10,10:35:04,23667.7
2020/2/10,10:40:04,23714.78
2020/2/10,10:45:15,23711.11
2020/2/10,10:50:03,23727.77
2020/2/10,10:55:03,23735.1
2020/2/10,11:00:03,23726.01
2020/2/10,11:05:03,23730.13
2020/2/10,11:10:04,23722.47
2020/2/10,11:15:05,23747.7
2020/2/10,11:20:03,23767.51
2020/2/10,11:25:03,23774.5
2020/2/10,11:30:03,23779.5
2020/2/10,11:35:03,23778.29
2020/2/10,12:35:03,23727.37
2020/2/10,12:40:03,23730.87
2020/2/10,12:45:03,23745.43
2020/2/10,12:50:03,23743.87
2020/2/10,12:55:13,23725.88
2020/2/10,13:00:14,23721
2020/2/10,13:05:10,23716.67
2020/2/10,13:10:09,23706.78
2020/2/10,13:15:04,23694.73
2020/2/10,13:20:08,23711.84
2020/2/10,13:25:15,23694.5
2020/2/10,13:30:08,23709.84
2020/2/10,13:35:03,23705.93
2020/2/10,13:40:03,23699.12
2020/2/10,13:45:07,23707.75
2020/2/10,13:50:08,23698.34
2020/2/10,13:55:03,23694.42
2020/2/10,14:00:10,23677.44
2020/2/10,14:05:05,23682.63
2020/2/10,14:10:16,23683.28
2020/2/10,14:15:08,23688.76
2020/2/10,14:20:03,23670.87
2020/2/10,14:25:04,23679.43
2020/2/10,14:32:26,23701.1
2020/2/10,14:35:10,23696.41
2020/2/10,14:40:15,23705.56
2020/2/10,14:45:09,23719.03
2020/2/10,14:50:10,23723.9
2020/2/10,14:55:03,23702.73
2020/2/10,15:00:07,23689.36
2020/2/10,15:05:07,23685.98
2020/2/12,9:05:08,23742.88
2020/2/12,9:10:04,23752.52
2020/2/12,9:15:03,23825.62
2020/2/12,9:20:03,23844.09
2020/2/12,9:25:03,23824.61
2020/2/12,9:30:03,23802.48
2020/2/12,9:35:03,23787.51
2020/2/12,9:40:03,23759.96
2020/2/12,9:45:04,23766.08
2020/2/12,9:50:03,23741.65
2020/2/12,9:55:05,23765.49
2020/2/12,10:00:03,23775.24
2020/2/12,10:05:03,23805.93
2020/2/12,10:10:04,23800.06
2020/2/12,10:15:03,23802.43
2020/2/12,10:20:04,23800.68
2020/2/12,10:25:03,23812.29
2020/2/12,10:30:04,23799.86
2020/2/12,10:35:03,23797
2020/2/12,10:40:03,23792.37
2020/2/12,10:45:03,23798.28
2020/2/12,10:50:03,23833.56
2020/2/12,10:55:03,23807.18
2020/2/12,11:00:06,23803.33
2020/2/12,11:05:03,23807.83
2020/2/12,11:10:03,23811.75
2020/2/12,11:15:04,23800.08
2020/2/12,11:20:03,23806.81
2020/2/12,11:25:03,23808.89
2020/2/12,11:30:03,23814.6
2020/2/12,11:35:03,23813.52
2020/2/12,12:35:03,23829.64
2020/2/12,12:40:03,23830.23
2020/2/12,12:45:06,23826.75
2020/2/12,12:50:03,23834.43
2020/2/12,12:55:03,23829.96
2020/2/12,13:00:03,23822.87
2020/2/12,13:05:03,23816.83
2020/2/12,13:10:03,23809.19
2020/2/12,13:15:03,23807.67
2020/2/12,13:20:03,23806.62
2020/2/12,13:25:04,23813.1
2020/2/12,13:30:04,23814.56
2020/2/12,13:35:04,23806.86
2020/2/12,13:40:03,23807.72
2020/2/12,13:45:03,23808.6
2020/2/12,13:50:03,23807.19
2020/2/12,13:55:03,23806.61
2020/2/12,14:00:04,23804.55
2020/2/12,14:05:04,23814.35
2020/2/12,14:10:03,23823.03
2020/2/12,14:15:03,23813.96
2020/2/12,14:20:03,23808.33
2020/2/12,14:25:05,23806.73
2020/2/12,14:30:03,23810.53
2020/2/12,14:35:06,23803.72
2020/2/12,14:40:04,23809.44
2020/2/12,14:46:40,23825.87
2020/2/12,14:50:09,23820.43
2020/2/12,14:55:04,23841.81
2020/2/12,15:00:03,23862.57
2020/2/12,15:05:05,23861.21
2020/2/13,9:05:31,23866.89
2020/2/13,9:10:02,23830.14
2020/2/13,9:15:02,23858.85
2020/2/13,9:20:02,23836.28
2020/2/13,9:25:02,23846.37
2020/2/13,9:30:02,23813.04
2020/2/13,9:35:02,23817.71
2020/2/13,9:40:02,23825.64
2020/2/13,9:45:02,23808.57
2020/2/13,9:50:02,23815.48
2020/2/13,9:55:02,23809.08
2020/2/13,10:00:02,23819.57
2020/2/13,10:05:02,23838.21
2020/2/13,10:10:02,23845.51
2020/2/13,10:15:02,23848.5
2020/2/13,10:20:02,23848.78
2020/2/13,10:25:02,23859.34
2020/2/13,10:30:02,23883.12
2020/2/13,10:35:02,23868.32
2020/2/13,10:40:02,23872.09
2020/2/13,10:45:02,23870.67
2020/2/13,10:50:02,23908.33
2020/2/13,10:55:02,23898.75
2020/2/13,11:00:02,23887.17
2020/2/13,11:05:02,23853.66
2020/2/13,11:10:02,23859.1
2020/2/13,11:15:02,23877.39
2020/2/13,11:20:02,23879.94
2020/2/13,11:25:02,23869.2
2020/2/13,11:30:02,23869.01
2020/2/13,11:35:02,23875.75
2020/2/13,12:35:02,23845.37
2020/2/13,12:40:02,23847.01
2020/2/13,12:45:02,23847.35
2020/2/13,12:50:02,23836.87
2020/2/13,12:55:02,23829.4
2020/2/13,13:00:02,23816.8
2020/2/13,13:05:31,23832.09
2020/2/13,13:10:05,23834.33
2020/2/13,13:15:04,23833.85
2020/2/13,13:20:05,23834.96
2020/2/13,13:25:33,23822.59
2020/2/13,14:25:24,23816.43
2020/2/13,14:30:10,23796.47
2020/2/13,14:35:05,23799.18
2020/2/13,14:40:15,23797.51
2020/2/13,14:45:29,23792.2
2020/2/13,14:50:10,23811.51
2020/2/13,14:55:02,23804.47
2020/2/13,15:00:02,23817.87
2020/2/13,15:05:12,23827.73
2020/2/14,9:05:16,23686.34
2020/2/14,9:10:03,23679.24
2020/2/14,9:15:03,23673.86
2020/2/14,9:20:03,23663.28
2020/2/14,9:25:03,23648.47
2020/2/14,9:30:03,23629.89
2020/2/14,9:35:03,23640.64
2020/2/14,9:40:03,23638.19
2020/2/14,9:45:03,23623.93
2020/2/14,9:50:03,23633.09
2020/2/14,9:55:03,23647.54
2020/2/14,10:00:03,23679.01
2020/2/14,10:05:03,23687.82
2020/2/14,10:10:03,23661.84
2020/2/14,10:15:07,23665.72
2020/2/14,10:20:04,23640.12
2020/2/14,10:25:04,23662.76
2020/2/14,10:30:03,23649.78
2020/2/14,10:35:05,23662.8
2020/2/14,10:40:03,23677.5
2020/2/14,10:45:03,23692.01
2020/2/14,10:50:03,23671.11
2020/2/14,10:55:04,23678.54
2020/2/14,11:00:03,23679.61
2020/2/14,11:05:04,23683.47
2020/2/14,11:10:03,23675.62
2020/2/14,11:15:05,23658.61
2020/2/14,11:20:04,23667.63
2020/2/14,11:25:04,23695.21
2020/2/14,11:30:03,23698.73
2020/2/14,11:35:04,23704.59
2020/2/14,12:35:03,23726.41
2020/2/14,12:40:03,23713.98
2020/2/14,12:45:03,23705.14
2020/2/14,12:50:03,23714.76
2020/2/14,12:55:10,23713.02
2020/2/14,13:00:05,23706.44
2020/2/14,13:05:04,23700.19
2020/2/14,13:10:03,23684.78
2020/2/14,13:15:03,23684.1
2020/2/14,13:20:03,23688.26
2020/2/14,13:25:04,23678.75
2020/2/14,13:30:03,23686.61
2020/2/14,13:35:03,23684.98
2020/2/14,13:40:04,23680.38
2020/2/14,13:45:03,23670.02
2020/2/14,13:50:03,23686.41
2020/2/14,13:55:03,23694.06
2020/2/14,14:00:03,23682.11
2020/2/14,14:05:03,23680.92
2020/2/14,14:10:03,23681.86
2020/2/14,14:15:03,23680.43
2020/2/14,14:20:03,23674.19
2020/2/14,14:25:03,23672.67
2020/2/14,14:30:04,23666.79
2020/2/14,14:35:03,23655.48
2020/2/14,14:40:03,23645.22
2020/2/14,14:45:03,23658.71
2020/2/14,14:50:06,23660.1
2020/2/14,14:55:03,23668.84
2020/2/14,15:00:04,23663.36
2020/2/14,15:05:04,23687.59
2020/2/17,9:05:18,23475.49
2020/2/17,9:10:03,23418.79
2020/2/17,9:15:03,23366.37
2020/2/17,9:20:03,23361.65
2020/2/17,9:25:03,23387.05
2020/2/17,9:30:03,23406.26
2020/2/17,9:35:03,23401.25
2020/2/17,9:40:03,23416.66
2020/2/17,9:45:03,23408.86
2020/2/17,9:50:03,23453.61
2020/2/17,9:55:03,23419.05
2020/2/17,10:00:03,23410.53
2020/2/17,10:05:03,23401.81
2020/2/17,10:10:03,23395.14
2020/2/17,10:15:03,23426.31
2020/2/17,10:20:03,23438.83
2020/2/17,10:25:03,23442.24
2020/2/17,10:30:03,23480.2
2020/2/17,10:35:03,23464.74
2020/2/17,10:40:03,23486.43
2020/2/17,10:45:03,23499.81
2020/2/17,10:50:03,23534.21
2020/2/17,10:55:03,23551.4
2020/2/17,11:00:03,23520.54
2020/2/17,11:05:03,23537.51
2020/2/17,11:10:03,23553.2
2020/2/17,11:15:03,23555.64
2020/2/17,11:20:03,23543.56
2020/2/17,11:25:10,23536.24
2020/2/17,11:30:06,23531.05
2020/2/17,11:35:06,23537.03
2020/2/17,12:35:03,23494.93
2020/2/17,12:40:03,23498.64
2020/2/17,12:45:03,23502.04
2020/2/17,12:50:03,23510.3
2020/2/17,12:55:03,23511.02
2020/2/17,13:00:03,23508.22
2020/2/17,13:05:03,23499.74
2020/2/17,13:10:03,23484.68
2020/2/17,13:15:03,23462.94
2020/2/17,13:20:03,23461.49
2020/2/17,13:25:03,23458.07
2020/2/17,13:30:03,23466.87
2020/2/17,13:35:03,23478.27
2020/2/17,13:40:03,23486.57
2020/2/17,13:45:03,23477.15
2020/2/17,13:50:03,23473.98
2020/2/17,13:55:04,23478.21
2020/2/17,14:00:10,23489.57
2020/2/17,14:05:04,23484.45
2020/2/17,14:10:03,23498.29
2020/2/17,14:15:06,23502.2
2020/2/17,14:20:03,23522.08
2020/2/17,14:25:03,23525.41
2020/2/17,14:30:03,23537.73
2020/2/17,14:35:03,23542.49
2020/2/17,14:40:03,23541.46
2020/2/17,14:45:03,23544.12
2020/2/17,14:50:03,23549.08
2020/2/17,14:55:03,23538.73
2020/2/17,15:00:03,23533.85
2020/2/17,15:05:06,23523.24
2020/2/18,9:05:25,23388.87
2020/2/18,9:10:07,23360.36
2020/2/18,9:15:06,23391.34
2020/2/18,9:20:04,23370.04
2020/2/18,9:25:03,23358.08
2020/2/18,9:30:04,23365.92
2020/2/18,9:35:04,23386.55
2020/2/18,9:40:04,23399.97
2020/2/18,9:45:03,23356.77
2020/2/18,9:50:03,23341.11
2020/2/18,9:55:04,23344.09
2020/2/18,10:00:04,23325.14
2020/2/18,10:05:04,23312.36
2020/2/18,10:10:06,23265.6
2020/2/18,10:15:05,23273.11
2020/2/18,10:20:07,23255.76
2020/2/18,10:25:07,23275.51
2020/2/18,10:30:06,23292.85
2020/2/18,10:35:04,23309.32
2020/2/18,10:40:05,23271.97
2020/2/18,10:45:06,23253.88
2020/2/18,10:50:06,23246.44
2020/2/18,10:55:07,23243.41
2020/2/18,11:00:06,23264.46
2020/2/18,11:05:04,23262.28
2020/2/18,11:10:04,23277.05
2020/2/18,11:15:06,23260.54
2020/2/18,11:20:04,23254.56
2020/2/18,11:25:09,23254.52
2020/2/18,11:30:07,23240.17
2020/2/18,11:35:06,23237.44
2020/2/18,12:35:03,23192.65
2020/2/18,12:40:04,23185.21
2020/2/18,12:45:03,23175.08
2020/2/18,12:50:03,23164.65
2020/2/18,12:55:05,23175.61
2020/2/18,13:00:05,23162.23
2020/2/18,13:05:04,23163.53
2020/2/18,13:10:05,23149.86
2020/2/18,13:15:03,23140.16
2020/2/18,13:20:03,23150.51
2020/2/18,13:25:05,23170.31
2020/2/18,13:30:05,23170.88
2020/2/18,13:35:04,23172.06
2020/2/18,13:40:03,23181.07
2020/2/18,13:45:05,23179.5
2020/2/18,13:50:06,23186.43
2020/2/18,13:55:04,23187.77
2020/2/18,14:00:06,23195.24
2020/2/18,14:05:06,23185.9
2020/2/18,14:10:04,23169.82
2020/2/18,14:15:03,23169.33
2020/2/18,14:22:43,23169.4
2020/2/18,14:25:03,23164.09
2020/2/18,14:30:04,23171.3
2020/2/18,14:35:03,23183.07
2020/2/18,14:40:03,23189.85
2020/2/18,14:45:03,23200.2
2020/2/18,14:50:03,23183.24
2020/2/18,14:55:03,23169.33
2020/2/18,15:00:03,23183.08
2020/2/18,15:05:03,23193.8
2020/2/19,9:05:17,23339.89
2020/2/19,9:10:03,23334.44
2020/2/19,9:15:03,23301.27
2020/2/19,9:20:03,23290.55
2020/2/19,9:25:03,23281.11
2020/2/19,9:30:03,23276
2020/2/19,9:35:03,23297.6
2020/2/19,9:40:03,23290.94
2020/2/19,9:45:03,23302.14
2020/2/19,9:50:03,23298.96
2020/2/19,9:55:03,23301.25
2020/2/19,10:00:03,23306.05
2020/2/19,10:05:03,23285.25
2020/2/19,10:10:03,23266.03
2020/2/19,10:15:03,23255.42
2020/2/19,10:20:05,23243.42
2020/2/19,10:25:05,23264.07
2020/2/19,10:30:03,23260.86
2020/2/19,10:35:03,23254.42
2020/2/19,10:40:03,23276.53
2020/2/19,10:45:07,23278.49
2020/2/19,10:50:03,23299.77
2020/2/19,10:55:03,23312.68
2020/2/19,11:00:03,23308.97
2020/2/19,11:05:03,23325.66
2020/2/19,11:10:04,23329.5
2020/2/19,11:15:03,23344.33
2020/2/19,11:20:03,23370.05
2020/2/19,11:25:03,23377.02
2020/2/19,11:30:03,23355.59
2020/2/19,11:35:03,23359.6
2020/2/19,12:35:03,23386.85
2020/2/19,12:40:03,23381.85
2020/2/19,12:45:03,23384.24
2020/2/19,12:50:03,23382.09
2020/2/19,12:55:03,23392.1
2020/2/19,13:00:03,23418.57
2020/2/19,13:05:05,23431.47
2020/2/19,13:10:03,23429.55
2020/2/19,13:15:03,23450.11
2020/2/19,13:20:04,23455.73
2020/2/19,13:25:03,23463.1
2020/2/19,13:30:03,23460.55
2020/2/19,13:35:03,23460.16
2020/2/19,13:40:03,23453.6
2020/2/19,13:45:03,23450.87
2020/2/19,13:50:03,23433.98
2020/2/19,13:55:03,23414.17
2020/2/19,14:00:03,23418.15
2020/2/19,14:05:03,23405.64
2020/2/19,14:10:03,23419.15
2020/2/19,14:15:03,23418.47
2020/2/19,14:23:37,23405.7
2020/2/19,14:25:03,23409.1
2020/2/19,14:30:03,23414.2
2020/2/19,14:35:03,23404.57
2020/2/19,14:40:03,23402.11
2020/2/19,14:45:03,23406.74
2020/2/19,14:50:03,23409.78
2020/2/19,14:55:03,23430.94
2020/2/19,15:00:03,23412.2
2020/2/19,15:05:03,23400.7
2020/2/20,9:05:18,23712
2020/2/20,9:10:03,23766.24
2020/2/20,9:15:03,23711.17
2020/2/20,9:20:03,23742.55
2020/2/20,9:25:03,23720.19
2020/2/20,9:30:03,23740.92
2020/2/20,9:35:03,23759.56
2020/2/20,9:40:03,23740.77
2020/2/20,9:45:03,23752.44
2020/2/20,9:50:03,23770.72
2020/2/20,9:55:03,23792.53
2020/2/20,10:00:03,23800.97
2020/2/20,10:05:03,23760.48
2020/2/20,10:10:03,23731.79
2020/2/20,10:15:03,23746.73
2020/2/20,10:20:03,23726.99
2020/2/20,10:25:03,23708.79
2020/2/20,10:30:03,23719.91
2020/2/20,10:35:03,23720.69
2020/2/20,10:40:03,23701.13
2020/2/20,10:45:03,23738.33
2020/2/20,10:50:03,23747.79
2020/2/20,10:55:03,23736.98
2020/2/20,11:00:03,23707.34
2020/2/20,11:05:03,23678.64
2020/2/20,11:10:03,23668.98
2020/2/20,11:15:03,23672.78
2020/2/20,11:20:03,23650.19
2020/2/20,11:25:03,23637.27
2020/2/20,11:30:03,23613.56
2020/2/20,11:35:03,23607.77
2020/2/20,12:35:03,23472.02
2020/2/20,12:40:03,23484.61
2020/2/20,12:45:03,23486.32
2020/2/20,12:50:03,23500.81
2020/2/20,12:55:03,23450.85
2020/2/20,13:00:03,23431.33
2020/2/20,13:05:03,23446.47
2020/2/20,13:10:03,23463.21
2020/2/20,13:15:04,23487.65
2020/2/20,13:20:03,23488.95
2020/2/20,13:25:05,23493.88
2020/2/20,13:30:04,23484.51
2020/2/20,13:35:03,23464.31
2020/2/20,13:40:03,23462.17
2020/2/20,13:45:03,23465.21
2020/2/20,13:50:03,23486.72
2020/2/20,13:55:03,23487.36
2020/2/20,14:00:03,23487.16
2020/2/20,14:05:03,23496.49
2020/2/20,14:10:03,23499.72
2020/2/20,14:15:03,23493.53
2020/2/20,14:23:45,23485.46
2020/2/20,14:26:30,23477.77
2020/2/20,14:30:03,23476.77
2020/2/20,14:35:03,23472.16
2020/2/20,14:40:03,23455.69
2020/2/20,14:45:03,23463.88
2020/2/20,14:50:03,23481.13
2020/2/20,14:55:03,23485.34
2020/2/20,15:00:03,23502.56
2020/2/20,15:05:03,23479.15
2020/2/21,9:05:11,23468.4
2020/2/21,9:10:04,23497.46
2020/2/21,9:15:03,23494.88
2020/2/21,9:20:03,23511.27
2020/2/21,9:25:03,23542.3
2020/2/21,9:30:03,23544.44
2020/2/21,9:35:03,23563.79
2020/2/21,9:40:03,23574.08
2020/2/21,9:45:03,23577.83
2020/2/21,9:50:03,23517.93
2020/2/21,9:55:03,23491.09
2020/2/21,10:00:07,23494.16
2020/2/21,10:05:04,23471.48
2020/2/21,10:10:03,23453.08
2020/2/21,10:15:03,23469.37
2020/2/21,10:20:03,23496.32
2020/2/21,10:27:16,23487.59
2020/2/21,10:30:03,23490.74
2020/2/21,10:35:03,23492.45
2020/2/21,10:40:03,23503.86
2020/2/21,10:45:03,23518.21
2020/2/21,10:50:03,23479.1
2020/2/21,10:55:03,23487.8
2020/2/21,11:00:03,23483.19
2020/2/21,11:05:03,23470.89
2020/2/21,11:10:03,23448.44
2020/2/21,11:15:03,23446.05
2020/2/21,11:20:03,23461.15
2020/2/21,11:25:03,23440.25
2020/2/21,11:30:03,23423.03
2020/2/21,11:35:03,23413.81
2020/2/21,12:35:03,23479.64
2020/2/21,12:40:03,23460.48
2020/2/21,12:45:03,23456.48
2020/2/21,12:50:03,23457.6
2020/2/21,12:55:03,23465.39
2020/2/21,13:00:03,23466.94
2020/2/21,13:05:03,23478.91
2020/2/21,13:10:03,23471.45
2020/2/21,13:15:03,23478.62
2020/2/21,13:20:03,23469.8
2020/2/21,13:25:03,23462.89
2020/2/21,13:30:03,23451.62
2020/2/21,13:35:03,23447.96
2020/2/21,13:40:03,23444.12
2020/2/21,13:45:03,23445.67
2020/2/21,13:50:03,23454.74
2020/2/21,13:55:03,23449.97
2020/2/21,14:00:03,23454.87
2020/2/21,14:05:03,23459.31
2020/2/21,14:10:03,23450.05
2020/2/21,14:15:03,23451.85
2020/2/21,14:20:03,23450.65
2020/2/21,14:27:16,23446.41
2020/2/21,14:30:03,23441.85
2020/2/21,14:35:03,23423.73
2020/2/21,14:40:03,23411.42
2020/2/21,14:45:03,23408.66
2020/2/21,14:50:03,23411.16
2020/2/21,14:55:03,23390.46
2020/2/21,15:00:03,23393.51
2020/2/21,15:05:03,23386.74
2020/2/25,9:05:12,22944.72
2020/2/25,9:10:04,22449.46
2020/2/25,9:15:04,22509.86
2020/2/25,9:20:04,22517.06
2020/2/25,9:25:03,22537.51
2020/2/25,9:30:03,22522.33
2020/2/25,9:35:04,22553.82
2020/2/25,9:40:03,22627.32
2020/2/25,9:45:03,22615.4
2020/2/25,9:50:04,22557.16
2020/2/25,9:55:03,22600.69
2020/2/25,10:00:06,22636.15
2020/2/25,10:05:04,22653.68
2020/2/25,10:10:04,22679.2
2020/2/25,10:15:03,22665.19
2020/2/25,10:20:03,22683.53
2020/2/25,10:25:04,22701.76
2020/2/25,10:30:06,22671.32
2020/2/25,10:35:04,22656.28
2020/2/25,10:40:04,22694.88
2020/2/25,10:45:03,22721.91
2020/2/25,10:50:03,22724.69
2020/2/25,10:55:03,22705.43
2020/2/25,11:00:03,22694.75
2020/2/25,11:05:03,22691.22
2020/2/25,11:10:03,22687.79
2020/2/25,11:15:03,22664.53
2020/2/25,11:20:03,22698.81
2020/2/25,11:25:04,22728.51
2020/2/25,11:30:03,22728.98
2020/2/25,11:35:04,22686.61
2020/2/25,12:35:03,22622.93
2020/2/25,12:40:03,22615.78
2020/2/25,12:45:03,22609.15
2020/2/25,12:50:03,22598.46
2020/2/25,12:55:03,22626.5
2020/2/25,13:00:03,22648.38
2020/2/25,13:05:05,22609.34
2020/2/25,13:10:04,22601.05
2020/2/25,13:15:03,22588.71
2020/2/25,13:20:07,22576.39
2020/2/25,13:25:04,22596.02
2020/2/25,13:30:03,22600
2020/2/25,13:35:03,22609.37
2020/2/25,13:40:03,22602.94
2020/2/25,13:45:03,22607.6
2020/2/25,13:50:03,22623.03
2020/2/25,13:55:03,22632.47
2020/2/25,14:00:02,22622.92
2020/2/25,14:05:04,22638.11
2020/2/25,14:10:02,22639.02
2020/2/25,14:15:03,22652.61
2020/2/25,14:20:02,22666.05
2020/2/25,14:25:03,22649.14
2020/2/25,14:32:33,22630.74
2020/2/25,14:35:04,22623.1
2020/2/25,14:40:04,22624.53
2020/2/25,14:45:04,22640.56
2020/2/25,14:50:03,22640.94
2020/2/25,14:55:03,22610.67
2020/2/25,15:00:06,22602.27
2020/2/25,15:05:03,22605.41
2020/2/26,9:05:15,22315.57
2020/2/26,9:10:03,22397.6
2020/2/26,9:15:03,22363.33
2020/2/26,9:20:03,22337.1
2020/2/26,9:25:03,22316.06
2020/2/26,9:30:03,22290.91
2020/2/26,9:35:03,22318.53
2020/2/26,9:40:03,22339.52
2020/2/26,9:45:03,22316.1
2020/2/26,9:50:03,22322.98
2020/2/26,10:01:30,22284.3
2020/2/26,10:05:04,22280.16
2020/2/26,10:10:03,22268.98
2020/2/26,10:15:03,22226.15
2020/2/26,10:20:03,22254.53
2020/2/26,10:25:03,22218.65
2020/2/26,10:30:06,22227.83
2020/2/26,10:35:04,22217.29
2020/2/26,10:40:03,22232.88
2020/2/26,10:45:04,22211.34
2020/2/26,10:50:24,22187.21
2020/2/26,10:55:06,22164.56
2020/2/26,11:00:03,22187.55
2020/2/26,11:05:03,22141.95
2020/2/26,11:10:03,22137.49
2020/2/26,11:15:03,22211.25
2020/2/26,11:20:03,22324.91
2020/2/26,11:25:03,22314.4
2020/2/26,11:30:03,22357.76
2020/2/26,11:35:03,22357.39
2020/2/26,12:35:03,22373.02
2020/2/26,12:40:03,22397.34
2020/2/26,12:45:03,22422.74
2020/2/26,12:50:03,22444.57
2020/2/26,12:55:03,22406.59
2020/2/26,13:00:03,22406.81
2020/2/26,13:05:03,22406.14
2020/2/26,13:10:03,22385.42
2020/2/26,13:15:03,22353.55
2020/2/26,13:20:03,22331.33
2020/2/26,13:25:03,22331.85
2020/2/26,13:30:03,22354.79
2020/2/26,13:35:03,22384.39
2020/2/26,13:40:03,22403.8
2020/2/26,13:45:03,22389.24
2020/2/26,13:50:03,22414.12
2020/2/26,13:55:03,22406.17
2020/2/26,14:00:03,22399.14
2020/2/26,14:05:03,22389.4
2020/2/26,14:10:03,22386.64
2020/2/26,14:15:03,22407.54
2020/2/26,14:20:03,22406.77
2020/2/26,14:25:03,22366.58
2020/2/26,14:34:32,22387.05
2020/2/26,14:40:06,22390.53
2020/2/26,14:45:03,22373.87
2020/2/26,14:50:03,22396.22
2020/2/26,14:55:03,22423.74
2020/2/26,15:00:03,22446.94
2020/2/26,15:05:03,22426.19
2020/2/27,9:05:18,22203.49
2020/2/27,9:10:04,22158.89
2020/2/27,9:15:03,22128.8
2020/2/27,9:20:03,22176.83
2020/2/27,9:25:03,22145.51
2020/2/27,9:30:03,22195.26
2020/2/27,9:35:03,22189.58
2020/2/27,9:40:03,22188.62
2020/2/27,9:45:03,22162.32
2020/2/27,9:50:06,22138.88
2020/2/27,9:55:07,22123.65
2020/2/27,10:00:03,22104.94
2020/2/27,10:05:03,22119.77
2020/2/27,10:10:04,22096.66
2020/2/27,10:15:03,22072.57
2020/2/27,10:20:03,22079.23
2020/2/27,10:25:03,22097.67
2020/2/27,10:30:03,22086.99
2020/2/27,10:35:06,22058.06
2020/2/27,10:40:03,22032.02
2020/2/27,10:45:03,22052.69
2020/2/27,10:50:03,22070.45
2020/2/27,10:55:04,22054.92
2020/2/27,11:00:03,22035.44
2020/2/27,11:05:03,22009.52
2020/2/27,11:10:03,21996.54
2020/2/27,11:15:04,22040.02
2020/2/27,11:20:03,22078.23
2020/2/27,11:25:03,22049.23
2020/2/27,11:30:03,22011.36
2020/2/27,11:35:03,22025.05
2020/2/27,12:35:03,22039.3
2020/2/27,12:40:05,22016.77
2020/2/27,12:47:02,22014.74
2020/2/27,12:50:06,21987.72
2020/2/27,12:55:05,22005.85
2020/2/27,13:00:03,22000.36
2020/2/27,13:05:07,21984.47
2020/2/27,13:10:03,21974.33
2020/2/27,13:15:06,21942.26
2020/2/27,13:20:03,21956.38
2020/2/27,13:25:04,21954.06
2020/2/27,13:30:03,21932.65
2020/2/27,13:35:03,21900.9
2020/2/27,13:40:03,21928.23
2020/2/27,13:45:03,21896.9
2020/2/27,13:50:08,21897.07
2020/2/27,13:55:03,21892.52
2020/2/27,14:00:03,21865.66
2020/2/27,14:05:03,21860.32
2020/2/27,14:10:03,21917.07
2020/2/27,14:15:03,21943.69
2020/2/27,14:20:03,21935.79
2020/2/27,14:25:03,21964.56
2020/2/27,14:30:03,21953.76
2020/2/27,14:35:03,21956.63
2020/2/27,14:41:01,21957.5
2020/2/27,14:45:06,21944.47
2020/2/27,14:50:04,21918.76
2020/2/27,14:55:04,21937.41
2020/2/27,15:00:04,21989.39
2020/2/27,15:05:03,21948.23
2020/2/28,9:05:19,21525.12
2020/2/28,9:10:04,21378.46
2020/2/28,9:15:03,21287.73
2020/2/28,9:20:04,21241.43
2020/2/28,9:25:03,21260.96
2020/2/28,9:30:03,21246.97
2020/2/28,9:35:03,21246.92
2020/2/28,9:40:03,21340.12
2020/2/28,9:45:03,21252.01
2020/2/28,9:50:03,21327.63
2020/2/28,9:55:03,21279.02
2020/2/28,10:00:06,21284.06
2020/2/28,10:05:04,21357.83
2020/2/28,10:10:10,21293.18
2020/2/28,10:15:03,21250.38
2020/2/28,10:20:05,21207.98
2020/2/28,10:25:05,21237.98
2020/2/28,10:30:03,21200.21
2020/2/28,10:35:03,21216.7
2020/2/28,10:40:04,21230.55
2020/2/28,10:45:03,21204.52
2020/2/28,10:50:08,21232.23
2020/2/28,10:55:08,21230.38
2020/2/28,11:00:36,21252.12
2020/2/28,11:05:09,21250.46
2020/2/28,11:10:07,21213.46
2020/2/28,11:15:04,21220.34
2020/2/28,11:20:03,21253.33
2020/2/28,11:25:03,21236.95
2020/2/28,11:30:03,21217.97
2020/2/28,11:35:03,21184.77
2020/2/28,12:35:03,21019.38
2020/2/28,12:40:03,21037.06
2020/2/28,12:45:03,21012.33
2020/2/28,12:50:03,21018.14
2020/2/28,12:55:03,21072.13
2020/2/28,13:00:06,21086.38
2020/2/28,13:05:03,21120.19
2020/2/28,13:10:03,21066.37
2020/2/28,13:15:03,21084.73
2020/2/28,13:20:04,21042.86
2020/2/28,13:25:03,21056.6
2020/2/28,13:30:03,21053.64
2020/2/28,13:35:03,21063.83
2020/2/28,13:40:03,21067.71
2020/2/28,13:45:03,21024.51
2020/2/28,13:50:03,21046.02
2020/2/28,13:55:03,21045.29
2020/2/28,14:00:03,21031.93
2020/2/28,14:05:03,21018.54
2020/2/28,14:10:03,21016.7
2020/2/28,14:15:03,21035.57
2020/2/28,14:20:03,21003.1
2020/2/28,14:25:03,20983.71
2020/2/28,14:30:03,20958.37
2020/2/28,14:35:03,20998.8
2020/2/28,14:40:03,20986.2
2020/2/28,14:45:03,20932.44
2020/2/28,14:50:03,20925.81
2020/2/28,14:55:03,20947.36
2020/2/28,15:00:03,20967.06
2020/2/28,15:05:03,21142.96
2020/3/2,9:05:18,20910.49
2020/3/2,9:10:04,20958.92
2020/3/2,9:15:04,20876.18
2020/3/2,9:20:03,20888.6
2020/3/2,9:25:06,20885.28
2020/3/2,9:30:03,20854.86
2020/3/2,9:35:03,20867.6
2020/3/2,9:40:03,20930.81
2020/3/2,9:45:03,20888.44
2020/3/2,9:50:03,20876.3
2020/3/2,9:55:06,20920.38
2020/3/2,10:00:04,20939.42
2020/3/2,10:05:04,20960.44
2020/3/2,10:10:05,20996.91
2020/3/2,10:15:03,21021.95
2020/3/2,10:20:03,21054.58
2020/3/2,10:25:07,21086.22
2020/3/2,10:30:03,21188.82
2020/3/2,10:35:03,21309.46
2020/3/2,10:40:03,21231.05
2020/3/2,10:45:03,21308.84
2020/3/2,10:50:03,21251.49
2020/3/2,10:55:05,21258.31
2020/3/2,11:00:03,21231.5
2020/3/2,11:05:03,21158.63
2020/3/2,11:10:03,21243.93
2020/3/2,11:15:04,21247.3
2020/3/2,11:20:03,21299.48
2020/3/2,11:25:06,21310.44
2020/3/2,11:30:04,21351.96
2020/3/2,11:35:03,21377.87
2020/3/2,12:35:03,21508.44
2020/3/2,12:40:03,21557.15
2020/3/2,12:45:03,21558.58
2020/3/2,12:50:03,21509.33
2020/3/2,12:55:03,21491.38
2020/3/2,13:00:03,21440.08
2020/3/2,13:05:03,21420.35
2020/3/2,13:10:03,21419.61
2020/3/2,13:15:03,21407.48
2020/3/2,13:20:03,21422.22
2020/3/2,13:25:07,21448.58
2020/3/2,13:30:04,21421.47
2020/3/2,13:35:03,21336.04
2020/3/2,13:40:03,21311.26
2020/3/2,13:45:03,21297.24
2020/3/2,13:50:03,21282.06
2020/3/2,13:55:07,21340.72
2020/3/2,14:00:03,21363.35
2020/3/2,14:05:03,21364.01
2020/3/2,14:10:03,21353.31
2020/3/2,14:15:04,21363.61
2020/3/2,14:20:04,21310.61
2020/3/2,14:25:05,21329.33
2020/3/2,14:30:04,21340.12
2020/3/2,14:35:03,21368.49
2020/3/2,14:40:03,21350.92
2020/3/2,14:45:03,21327.17
2020/3/2,14:50:03,21335.8
2020/3/2,14:55:03,21361.11
2020/3/2,15:00:03,21400.31
2020/3/2,15:05:03,21344.08
2020/3/3,9:05:17,21602.68
2020/3/3,9:10:03,21681.5
2020/3/3,9:15:03,21627.17
2020/3/3,9:20:03,21585.49
2020/3/3,9:25:03,21532
2020/3/3,9:30:03,21571
2020/3/3,9:35:03,21546.2
2020/3/3,9:40:03,21554.91
2020/3/3,9:45:03,21528.93
2020/3/3,9:50:03,21511.32
2020/3/3,9:55:03,21523.65
2020/3/3,10:00:03,21548.52
2020/3/3,10:05:03,21564
2020/3/3,10:10:03,21547.53
2020/3/3,10:15:03,21539.08
2020/3/3,10:20:03,21503.12
2020/3/3,10:25:03,21422.82
2020/3/3,10:30:03,21443.25
2020/3/3,10:35:03,21431.42
2020/3/3,10:40:03,21398.4
2020/3/3,10:45:03,21372.48
2020/3/3,10:50:03,21371.96
2020/3/3,10:55:03,21346.61
2020/3/3,11:00:03,21337.95
2020/3/3,11:05:03,21353.05
2020/3/3,11:10:03,21391.61
2020/3/3,11:15:03,21338.9
2020/3/3,11:20:03,21365.27
2020/3/3,11:25:03,21344.06
2020/3/3,11:30:03,21345.61
2020/3/3,11:35:03,21355.2
2020/3/3,12:35:11,21400.84
2020/3/3,12:40:06,21354.84
2020/3/3,12:45:09,21378.31
2020/3/3,12:50:03,21350.38
2020/3/3,12:55:03,21386.31
2020/3/3,13:00:03,21406.33
2020/3/3,13:05:04,21394.78
2020/3/3,13:10:05,21331.6
2020/3/3,13:15:13,21342.14
2020/3/3,13:20:08,21342.1
2020/3/3,13:25:06,21268.38
2020/3/3,13:30:07,21218.7
2020/3/3,13:35:09,21164.2
2020/3/3,13:40:05,21141.64
2020/3/3,13:45:10,21188.05
2020/3/3,13:50:05,21172.72
2020/3/3,13:55:03,21199.29
2020/3/3,14:00:03,21207.17
2020/3/3,14:05:10,21225.77
2020/3/3,14:10:09,21201.38
2020/3/3,14:15:03,21203.77
2020/3/3,14:20:04,21178.65
2020/3/3,14:25:03,21156.86
2020/3/3,14:30:03,21176.19
2020/3/3,14:35:03,21179.24
2020/3/3,14:40:03,21210.89
2020/3/3,14:45:03,21230.3
2020/3/3,14:50:03,21189.81
2020/3/3,14:55:03,21157.27
2020/3/3,15:00:03,21148.69
2020/3/3,15:05:03,21082.73
2020/3/4,9:05:23,20896.58
2020/3/4,9:10:03,21053.35
2020/3/4,9:15:03,21098.04
2020/3/4,9:20:15,21092.41
2020/3/4,9:25:51,21090.67
2020/3/4,9:30:03,21066.64
2020/3/4,9:35:03,21110
2020/3/4,9:40:03,21141.41
2020/3/4,9:45:03,21179.38
2020/3/4,9:50:03,21157.64
2020/3/4,9:55:03,21164.18
2020/3/4,10:00:03,21209.07
2020/3/4,10:05:03,21200.31
2020/3/4,10:10:03,21162.9
2020/3/4,10:15:03,21165.21
2020/3/4,10:20:03,21159.7
2020/3/4,10:25:03,21179.8
2020/3/4,10:30:03,21174.72
2020/3/4,10:35:03,21198.17
2020/3/4,10:40:03,21178
2020/3/4,10:45:03,21171.34
2020/3/4,10:50:03,21146.4
2020/3/4,10:55:03,21132.28
2020/3/4,11:00:03,21150.38
2020/3/4,11:05:03,21101.49
2020/3/4,11:10:03,21071.31
2020/3/4,11:15:03,21101.87
2020/3/4,11:20:03,21075.25
2020/3/4,11:25:03,21119.53
2020/3/4,11:30:03,21133.82
2020/3/4,11:35:03,21156.99
2020/3/4,12:35:03,21214.82
2020/3/4,12:40:03,21195.27
2020/3/4,12:45:03,21207.43
2020/3/4,12:50:03,21179.43
2020/3/4,12:55:03,21174.32
2020/3/4,13:00:03,21179.49
2020/3/4,13:05:03,21163.89
2020/3/4,13:10:03,21153.66
2020/3/4,13:15:03,21152.71
2020/3/4,13:20:03,21142.94
2020/3/4,13:26:18,21152.09
2020/3/4,13:30:03,21143.82
2020/3/4,13:35:03,21140.74
2020/3/4,13:40:03,21142.76
2020/3/4,13:45:11,21162.31
2020/3/4,13:50:07,21175.22
2020/3/4,13:55:05,21156.25
2020/3/4,14:00:14,21136.16
2020/3/4,14:05:14,21134.39
2020/3/4,14:10:10,21154.98
2020/3/4,14:15:04,21139.05
2020/3/4,14:20:03,21131.16
2020/3/4,14:25:04,21101.4
2020/3/4,14:30:03,21146.15
2020/3/4,14:35:03,21121.95
2020/3/4,14:40:04,21098.48
2020/3/4,14:45:10,21102.27
2020/3/4,14:50:10,21122.14
2020/3/4,14:55:14,21126.62
2020/3/4,15:00:10,21120.77
2020/3/4,15:05:03,21100.06
2020/3/5,9:05:23,21328.9
2020/3/5,9:10:03,21296.51
2020/3/5,9:15:03,21273.34
2020/3/5,9:20:03,21328.73
2020/3/5,9:26:19,21318.97
2020/3/5,9:30:05,21312.24
2020/3/5,9:35:03,21299.28
2020/3/5,9:40:03,21339.07
2020/3/5,9:45:03,21352.45
2020/3/5,9:50:03,21369.94
2020/3/5,9:55:03,21364.01
2020/3/5,10:00:03,21373.44
2020/3/5,10:05:03,21375.45
2020/3/5,10:10:03,21358.17
2020/3/5,10:15:03,21349.35
2020/3/5,10:20:03,21308.64
2020/3/5,10:25:03,21328.86
2020/3/5,10:30:03,21312.44
2020/3/5,10:35:03,21309.53
2020/3/5,10:40:03,21323.66
2020/3/5,10:45:03,21338.64
2020/3/5,10:50:11,21299.05
2020/3/5,10:55:10,21300.95
2020/3/5,11:00:09,21307.17
2020/3/5,11:05:07,21306.19
2020/3/5,11:10:12,21280.51
2020/3/5,11:15:07,21263.31
2020/3/5,11:20:05,21245.02
2020/3/5,11:25:03,21239.67
2020/3/5,11:30:03,21271.69
2020/3/5,11:35:11,21299.56
2020/3/5,12:35:03,21271.61
2020/3/5,12:40:04,21278.28
2020/3/5,12:45:06,21275.11
2020/3/5,12:50:03,21261.58
2020/3/5,12:55:03,21275.86
2020/3/5,13:00:03,21273.77
2020/3/5,13:05:03,21279.17
2020/3/5,13:10:03,21287.87
2020/3/5,13:15:03,21262
2020/3/5,13:20:04,21242.38
2020/3/5,13:25:03,21250.99
2020/3/5,13:30:09,21255.47
2020/3/5,13:35:03,21275.41
2020/3/5,13:40:03,21279.65
2020/3/5,13:45:03,21251.75
2020/3/5,13:50:06,21251.32
2020/3/5,13:55:07,21240.35
2020/3/5,14:00:10,21265.68
2020/3/5,14:05:08,21284.28
2020/3/5,14:10:07,21293.64
2020/3/5,14:15:10,21341.82
2020/3/5,14:20:12,21337.03
2020/3/5,14:25:09,21324.09
2020/3/5,14:30:03,21324.93
2020/3/5,14:35:12,21331.61
2020/3/5,14:40:07,21343.7
2020/3/5,14:45:03,21349.64
2020/3/5,14:50:03,21354.93
2020/3/5,14:55:03,21358.64
2020/3/5,15:00:05,21361.42
2020/3/5,15:05:09,21329.12
2020/3/6,9:05:23,21026.33
2020/3/6,9:10:03,20977.33
2020/3/6,9:15:03,21000.19
2020/3/6,9:20:03,21043.57
2020/3/6,9:25:03,21040.23
2020/3/6,9:30:03,21036.91
2020/3/6,9:35:03,21025.08
2020/3/6,9:40:03,21003.1
2020/3/6,9:45:03,20969.14
2020/3/6,9:53:39,20953.23
2020/3/6,9:55:26,20946.78
2020/3/6,10:00:14,20937.64
2020/3/6,10:05:09,20903.76
2020/3/6,10:10:05,20911.22
2020/3/6,10:15:05,20869.46
2020/3/6,10:20:04,20842.83
2020/3/6,10:25:10,20823.95
2020/3/6,10:30:07,20812.13
2020/3/6,10:35:03,20820.71
2020/3/6,10:40:03,20829.3
2020/3/6,10:45:03,20829.98
2020/3/6,10:50:03,20817.24
2020/3/6,10:55:03,20798.19
2020/3/6,11:00:03,20771.53
2020/3/6,11:05:03,20736.92
2020/3/6,11:10:03,20714.6
2020/3/6,11:15:03,20698.72
2020/3/6,11:20:03,20702.55
2020/3/6,11:25:03,20698.46
2020/3/6,11:30:03,20698.88
2020/3/6,11:35:03,20652.55
2020/3/6,12:35:03,20686.6
2020/3/6,12:40:03,20710.4
2020/3/6,12:45:03,20721.77
2020/3/6,12:50:03,20709.46
2020/3/6,12:55:03,20687.67
2020/3/6,13:00:03,20643.73
2020/3/6,13:05:03,20629.52
2020/3/6,13:10:03,20632.54
2020/3/6,13:15:03,20653.69
2020/3/6,13:20:03,20673.56
2020/3/6,13:25:03,20681.42
2020/3/6,13:30:03,20689.02
2020/3/6,13:35:03,20708.26
2020/3/6,13:40:03,20698.87
2020/3/6,13:45:03,20708.37
2020/3/6,13:50:03,20717.56
2020/3/6,13:55:23,20723.77
2020/3/6,14:00:03,20700.44
2020/3/6,14:05:03,20713.34
2020/3/6,14:10:03,20694.54
2020/3/6,14:15:03,20672.6
2020/3/6,14:20:03,20664.35
2020/3/6,14:25:03,20664.1
2020/3/6,14:30:03,20679.48
2020/3/6,14:35:03,20678.85
2020/3/6,14:40:03,20661.16
2020/3/6,14:45:03,20661.99
2020/3/6,14:50:03,20682.95
2020/3/6,14:55:03,20685.97
2020/3/6,15:00:03,20721.52
2020/3/6,15:05:03,20749.75
2020/3/9,9:05:15,20345.36
2020/3/9,9:10:06,20042.53
2020/3/9,9:15:06,19914.27
2020/3/9,9:20:03,19798.77
2020/3/9,9:25:03,19885.66
2020/3/9,9:30:03,19842.39
2020/3/9,9:35:04,19854.48
2020/3/9,9:40:03,19872.18
2020/3/9,9:45:04,19862.66
2020/3/9,9:50:05,19884.33
2020/3/9,9:55:04,19893.45
2020/3/9,10:00:09,19899.65
2020/3/9,10:05:06,19895.24
2020/3/9,10:10:03,19841.44
2020/3/9,10:15:03,19838.84
2020/3/9,10:20:03,19835.2
2020/3/9,10:25:03,19791.83
2020/3/9,10:30:03,19781.71
2020/3/9,10:35:03,19775.63
2020/3/9,10:40:03,19735.58
2020/3/9,10:45:03,19636.01
2020/3/9,10:50:03,19625.16
2020/3/9,10:55:03,19572.52
2020/3/9,11:00:03,19576.08
2020/3/9,11:05:06,19551.97
2020/3/9,11:10:07,19581.58
2020/3/9,11:15:07,19528.64
2020/3/9,11:20:03,19524.6
2020/3/9,11:25:03,19541.85
2020/3/9,11:30:03,19505.45
2020/3/9,11:35:03,19473.07
2020/3/9,12:35:03,19610.17
2020/3/9,12:40:03,19577.04
2020/3/9,12:45:03,19522.88
2020/3/9,12:50:03,19542.35
2020/3/9,12:55:03,19546.84
2020/3/9,13:00:03,19580.42
2020/3/9,13:05:03,19594.88
2020/3/9,13:10:03,19629.54
2020/3/9,13:15:03,19661.33
2020/3/9,13:20:03,19656.43
2020/3/9,13:25:03,19646.05
2020/3/9,13:30:03,19633
2020/3/9,13:35:03,19593.07
2020/3/9,13:40:03,19574.32
2020/3/9,13:45:03,19570.38
2020/3/9,13:50:03,19576.25
2020/3/9,13:55:03,19561.87
2020/3/9,14:00:03,19578.67
2020/3/9,14:05:03,19588.42
2020/3/9,14:10:03,19564.25
2020/3/9,14:15:03,19540.1
2020/3/9,14:20:03,19538.93
2020/3/9,14:25:03,19513.96
2020/3/9,14:30:03,19479.67
2020/3/9,14:35:03,19492.51
2020/3/9,14:40:03,19484.48
2020/3/9,14:45:03,19570.54
2020/3/9,14:50:03,19618.47
2020/3/9,14:55:03,19629.72
2020/3/9,15:00:06,19639.21
2020/3/9,15:05:06,19698.76
2020/3/10,9:05:14,19469.35
2020/3/10,9:10:03,19294.01
2020/3/10,9:15:03,19047.35
2020/3/10,9:20:03,19147.44
2020/3/10,9:25:03,19080.07
2020/3/10,9:30:03,19033.87
2020/3/10,9:35:03,18953.37
2020/3/10,9:40:03,18944.43
2020/3/10,9:45:03,18950.78
2020/3/10,9:50:03,19043.53
2020/3/10,10:00:02,19294.25
2020/3/10,10:05:04,19458.34
2020/3/10,10:10:03,19416.97
2020/3/10,10:15:03,19417.56
2020/3/10,10:20:03,19461.9
2020/3/10,10:25:03,19580.95
2020/3/10,10:30:03,19605.25
2020/3/10,10:35:03,19649.14
2020/3/10,10:40:03,19601.35
2020/3/10,10:45:03,19552.98
2020/3/10,10:50:06,19607.31
2020/3/10,10:55:03,19519.74
2020/3/10,11:00:03,19469.03
2020/3/10,11:05:03,19500.53
2020/3/10,11:10:03,19374.28
2020/3/10,11:15:03,19411.28
2020/3/10,11:20:06,19416.15
2020/3/10,11:25:03,19434.09
2020/3/10,11:30:03,19394.32
2020/3/10,11:35:04,19405.57
2020/3/10,12:35:03,19534.92
2020/3/10,12:40:03,19569.01
2020/3/10,12:45:03,19635.37
2020/3/10,12:50:03,19686.15
2020/3/10,12:55:03,19734.54
2020/3/10,13:00:03,19617.89
2020/3/10,13:05:03,19621.54
2020/3/10,13:10:03,19644.48
2020/3/10,13:15:03,19632.59
2020/3/10,13:20:04,19713.45
2020/3/10,13:25:04,19748.72
2020/3/10,13:30:03,19846.36
2020/3/10,13:35:03,19802.05
2020/3/10,13:40:03,19786.22
2020/3/10,13:45:03,19740.24
2020/3/10,13:50:03,19754.19
2020/3/10,13:55:03,19728.3
2020/3/10,14:00:03,19763.73
2020/3/10,14:05:03,19794.13
2020/3/10,14:10:03,19786.07
2020/3/10,14:15:03,19831.97
2020/3/10,14:20:03,19888.12
2020/3/10,14:25:03,19890.11
2020/3/10,14:30:03,19911.5
2020/3/10,14:35:03,19922.59
2020/3/10,14:40:03,19956.1
2020/3/10,14:45:03,19934.3
2020/3/10,14:50:03,19839.77
2020/3/10,14:55:06,19827.85
2020/3/10,15:00:05,19845.54
2020/3/10,15:05:06,19867.12
2020/3/11,9:05:18,19665.68
2020/3/11,9:10:03,19779.53
2020/3/11,9:15:03,19905.28
2020/3/11,9:20:03,19850.81
2020/3/11,9:25:03,19807.72
2020/3/11,9:30:03,19801.43
2020/3/11,9:35:03,19813.67
2020/3/11,9:40:03,19796.07
2020/3/11,9:45:03,19819.92
2020/3/11,9:50:03,19737.44
2020/3/11,9:55:03,19720.06
2020/3/11,10:00:03,19761.96
2020/3/11,10:05:06,19786.1
2020/3/11,10:10:05,19805.91
2020/3/11,10:15:05,19819.62
2020/3/11,10:20:03,19780.63
2020/3/11,10:25:03,19790.05
2020/3/11,10:30:03,19774.82
2020/3/11,10:35:03,19762.69
2020/3/11,10:40:03,19730.89
2020/3/11,10:45:03,19650.22
2020/3/11,10:50:03,19590.42
2020/3/11,10:55:03,19639.28
2020/3/11,11:00:03,19630.47
2020/3/11,11:05:03,19567.25
2020/3/11,11:10:03,19596.78
2020/3/11,11:15:04,19605.23
2020/3/11,11:20:03,19570.12
2020/3/11,11:25:03,19618.62
2020/3/11,11:30:03,19641.18
2020/3/11,11:35:03,19707.63
2020/3/11,12:35:03,19596.78
2020/3/11,12:40:03,19551.83
2020/3/11,12:45:03,19512.79
2020/3/11,12:50:21,19554.16
2020/3/11,12:55:04,19569.21
2020/3/11,13:00:08,19604.5
2020/3/11,13:05:14,19580.8
2020/3/11,13:10:14,19589.51
2020/3/11,13:15:33,19588.05
2020/3/11,13:20:03,19596.14
2020/3/11,13:25:13,19631.49
2020/3/11,13:30:13,19644.7
2020/3/11,13:35:21,19595.31
2020/3/11,13:40:13,19615.13
2020/3/11,13:45:13,19585.51
2020/3/11,13:50:11,19630.41
2020/3/11,13:57:55,19584.96
2020/3/11,14:00:22,19586.85
2020/3/11,14:05:14,19542.43
2020/3/11,14:10:13,19530.47
2020/3/11,14:15:03,19493.74
2020/3/11,14:20:03,19491.69
2020/3/11,14:25:13,19452.87
2020/3/11,14:30:09,19453.99
2020/3/11,14:35:08,19484.11
2020/3/11,14:40:03,19456.16
2020/3/11,14:45:03,19440.71
2020/3/11,14:50:03,19462.13
2020/3/11,14:55:09,19416.77
2020/3/11,15:00:13,19420.82
2020/3/11,15:05:08,19416.06
2020/3/12,9:05:13,19076.34
2020/3/12,9:10:02,19039.24
2020/3/12,9:15:02,18983.19
2020/3/12,9:20:02,19043.35
2020/3/12,9:25:02,18989.12
2020/3/12,9:30:02,18933.13
2020/3/12,9:35:02,18928.12
2020/3/12,9:40:02,18989.75
2020/3/12,9:45:02,18981.67
2020/3/12,9:50:02,18987.19
2020/3/12,9:55:02,18964.85
2020/3/12,10:00:02,19109.14
2020/3/12,10:05:02,19113.35
2020/3/12,10:10:02,18909.04
2020/3/12,10:15:02,18954.4
2020/3/12,10:20:02,18826.89
2020/3/12,10:25:02,18811.81
2020/3/12,10:30:02,18747.42
2020/3/12,10:35:02,18565.8
2020/3/12,10:40:02,18613.63
2020/3/12,10:45:02,18619.81
2020/3/12,10:50:02,18564.99
2020/3/12,10:55:02,18620.33
2020/3/12,11:00:02,18541.11
2020/3/12,11:05:02,18432.48
2020/3/12,11:10:02,18354.88
2020/3/12,11:15:02,18522.86
2020/3/12,11:20:02,18498.64
2020/3/12,11:25:02,18506.89
2020/3/12,11:30:02,18470.97
2020/3/12,11:35:02,18412.24
2020/3/12,12:35:03,18412.66
2020/3/12,12:40:16,18372.64
2020/3/12,12:45:09,18377.17
2020/3/12,12:50:16,18393.23
2020/3/12,12:55:19,18406.58
2020/3/12,13:00:06,18396.53
2020/3/12,13:05:06,18384.45
2020/3/12,13:10:07,18441.8
2020/3/12,13:15:07,18461.9
2020/3/12,13:20:06,18533.06
2020/3/12,13:25:06,18630.38
2020/3/12,13:30:08,18683.47
2020/3/12,13:35:08,18611.7
2020/3/12,13:40:06,18756.38
2020/3/12,13:45:06,18805.18
2020/3/12,13:50:06,18754.4
2020/3/12,13:55:05,18727.89
2020/3/12,14:00:03,18690.85
2020/3/12,14:05:02,18709.5
2020/3/12,14:10:02,18662.52
2020/3/12,14:15:04,18772.06
2020/3/12,14:20:03,18671.73
2020/3/12,14:25:02,18643.79
2020/3/12,14:30:03,18589.18
2020/3/12,14:35:02,18602.6
2020/3/12,14:40:03,18650.26
2020/3/12,14:45:03,18658
2020/3/12,14:50:03,18683.94
2020/3/12,14:55:03,18579.74
2020/3/12,15:00:26,18548.6
2020/3/12,15:05:02,18559.63
